Admin1,hf,month,year,test_u5,conf_u5,test_ov5,conf_ov5,X,Y
Northeast Greenland National Park,99,May,2018,0,0,0,0,-2138695.73790353,7863297.22718145
Sermersooq,51,Jan,2018,0,0,0,0,-2805676.89937148,7014478.42984152
Qeqqata,36,Jan,2018,0,0,1,0,-3459477.3435209,6933745.46830151
Sermersooq,79,Feb,2018,8,4,8,5,-2805676.89937148,7014478.42984152
Qeqqata,67,Apr,2018,9,4,9,4,-3459477.3435209,6933745.46830151
Northeast Greenland National Park,41,Jun,2018,10,2,12,2,-2138695.73790353,7863297.22718145
Qeqqata,54,Feb,2018,10,5,10,5,-3459477.3435209,6933745.46830151
Northeast Greenland National Park,43,Jan,2018,11,7,14,10,-2138695.73790353,7863297.22718145
Sermersooq,76,Aug,2018,13,5,15,10,-2805676.89937148,7014478.42984152
Northeast Greenland National Park,82,Jun,2018,13,8,15,12,-2138695.73790353,7863297.22718145
Kujalleq,95,Mar,2018,13,9,13,10,-3293421.11914013,6461102.68715351
Qeqqata,59,May,2018,16,7,15,12,-3459477.3435209,6933745.46830151
Northeast Greenland National Park,28,Jun,2018,16,5,18,7,-2138695.73790353,7863297.22718145
Qasuitsup,97,Oct,2018,15,9,17,13,NA,NA
Northeast Greenland National Park,35,Apr,2018,17,11,18,13,-2138695.73790353,7863297.22718145
Northeast Greenland National Park,82,Apr,2018,18,10,21,12,-2138695.73790353,7863297.22718145
Sermersooq,78,May,2018,18,4,19,9,-2805676.89937148,7014478.42984152
Kujalleq,72,Nov,2018,19,12,19,11,-3293421.11914013,6461102.68715351
Northeast Greenland National Park,64,Jan,2018,23,9,33,19,-2138695.73790353,7863297.22718145
Northeast Greenland National Park,68,Aug,2018,22,12,26,22,-2138695.73790353,7863297.22718145
Qeqqata,59,Jun,2018,21,5,23,8,-3459477.3435209,6933745.46830151
Qeqqata,2,Jan,2018,21,19,21,17,-3459477.3435209,6933745.46830151
Kujalleq,32,Jan,2018,22,13,21,14,-3293421.11914013,6461102.68715351
Northeast Greenland National Park,41,Jan,2018,27,12,38,25,-2138695.73790353,7863297.22718145
Northeast Greenland National Park,10,May,2018,26,17,33,23,-2138695.73790353,7863297.22718145
Northeast Greenland National Park,64,May,2018,26,24,32,32,-2138695.73790353,7863297.22718145
Sermersooq,38,Apr,2018,24,6,26,8,-2805676.89937148,7014478.42984152
Sermersooq,78,Jan,2018,23,13,26,21,-2805676.89937148,7014478.42984152
Qeqqata,89,Jun,2018,26,11,27,12,-3459477.3435209,6933745.46830151
Sermersooq,17,Aug,2018,28,9,35,19,-2805676.89937148,7014478.42984152
Sermersooq,55,Feb,2018,27,24,29,28,-2805676.89937148,7014478.42984152
Kujalleq,20,Jun,2018,29,21,29,25,-3293421.11914013,6461102.68715351
Northeast Greenland National Park,28,Jul,2018,29,16,34,31,-2138695.73790353,7863297.22718145
Kujalleq,48,Jan,2018,29,17,32,25,-3293421.11914013,6461102.68715351
Qeqqata,34,Feb,2018,29,12,28,14,-3459477.3435209,6933745.46830151
Northeast Greenland National Park,68,Mar,2018,31,15,35,22,-2138695.73790353,7863297.22718145
Qeqqata,74,May,2018,31,13,31,13,-3459477.3435209,6933745.46830151
Qeqqata,89,Apr,2018,32,18,33,25,-3459477.3435209,6933745.46830151
Northeast Greenland National Park,14,Apr,2018,32,18,33,25,-2138695.73790353,7863297.22718145
Qeqqata,18,Mar,2018,32,23,33,33,-3459477.3435209,6933745.46830151
Qasuitsup,77,Jul,2018,31,28,31,16,NA,NA
Northeast Greenland National Park,73,Jun,2018,33,19,35,22,-2138695.73790353,7863297.22718145
Northeast Greenland National Park,88,Feb,2018,33,23,36,32,-2138695.73790353,7863297.22718145
Qeqqata,50,Aug,2018,34,27,35,26,-3459477.3435209,6933745.46830151
Sermersooq,25,Nov,2018,33,18,38,26,-2805676.89937148,7014478.42984152
Qeqqata,86,Dec,2018,33,28,36,31,-3459477.3435209,6933745.46830151
Sermersooq,66,Apr,2018,35,14,36,24,-2805676.89937148,7014478.42984152
Sermersooq,84,May,2018,35,15,35,18,-2805676.89937148,7014478.42984152
Kujalleq,32,Feb,2018,34,21,35,22,-3293421.11914013,6461102.68715351
Kujalleq,20,Apr,2018,34,10,35,17,-3293421.11914013,6461102.68715351
Qeqqata,2,Feb,2018,35,18,35,20,-3459477.3435209,6933745.46830151
Sermersooq,84,Jan,2018,37,24,40,33,-2805676.89937148,7014478.42984152
Qeqqata,59,Oct,2018,36,23,42,41,-3459477.3435209,6933745.46830151
Northeast Greenland National Park,39,Aug,2018,36,17,43,27,-2138695.73790353,7863297.22718145
Qeqqata,46,Mar,2018,36,26,37,34,-3459477.3435209,6933745.46830151
Northeast Greenland National Park,14,Jun,2018,39,30,42,36,-2138695.73790353,7863297.22718145
Qeqqata,67,Jan,2018,38,8,38,8,-3459477.3435209,6933745.46830151
Sermersooq,94,Jul,2018,38,27,38,28,-2805676.89937148,7014478.42984152
Sermersooq,63,Mar,2018,38,31,36,35,-2805676.89937148,7014478.42984152
Northeast Greenland National Park,83,Apr,2018,38,17,38,29,-2138695.73790353,7863297.22718145
Northeast Greenland National Park,73,Jan,2018,38,9,44,14,-2138695.73790353,7863297.22718145
Kujalleq,20,Jan,2018,38,18,41,25,-3293421.11914013,6461102.68715351
Sermersooq,57,Jan,2018,37,24,37,24,-2805676.89937148,7014478.42984152
Qeqqata,50,Feb,2018,37,22,36,21,-3459477.3435209,6933745.46830151
Qasuitsup,9,Jan,2018,37,13,38,17,NA,NA
Qeqqata,11,Jan,2018,37,24,37,17,-3459477.3435209,6933745.46830151
Sermersooq,61,Jan,2018,39,15,38,16,-2805676.89937148,7014478.42984152
Sermersooq,51,Nov,2018,38,22,43,32,-2805676.89937148,7014478.42984152
Kujalleq,42,Jun,2018,38,18,39,22,-3293421.11914013,6461102.68715351
Northeast Greenland National Park,64,Feb,2018,44,15,63,30,-2138695.73790353,7863297.22718145
Qasuitsup,90,May,2018,40,28,39,36,NA,NA
Sermersooq,33,Oct,2018,39,14,51,34,-2805676.89937148,7014478.42984152
Qasuitsup,8,Mar,2018,42,16,41,18,NA,NA
Sermersooq,61,Jun,2018,40,14,42,17,-2805676.89937148,7014478.42984152
Qasuitsup,40,Mar,2018,40,16,43,26,NA,NA
Kujalleq,80,May,2018,42,16,44,21,-3293421.11914013,6461102.68715351
Kujalleq,30,Jun,2018,42,19,42,23,-3293421.11914013,6461102.68715351
Northeast Greenland National Park,73,May,2018,42,21,46,25,-2138695.73790353,7863297.22718145
Sermersooq,61,Feb,2018,40,30,41,35,-2805676.89937148,7014478.42984152
Northeast Greenland National Park,16,Nov,2018,45,24,58,58,-2138695.73790353,7863297.22718145
Qasuitsup,77,Jun,2018,43,30,43,28,NA,NA
Kujalleq,24,Apr,2018,42,27,44,44,-3293421.11914013,6461102.68715351
Sermersooq,98,Mar,2018,44,32,43,38,-2805676.89937148,7014478.42984152
Qeqqata,74,Mar,2018,43,17,42,19,-3459477.3435209,6933745.46830151
Sermersooq,38,Dec,2018,45,27,48,30,-2805676.89937148,7014478.42984152
Qeqqata,85,Jun,2018,44,34,43,37,-3459477.3435209,6933745.46830151
Qeqqata,86,May,2018,44,13,49,18,-3459477.3435209,6933745.46830151
Qasuitsup,91,May,2018,44,23,44,32,NA,NA
Kujalleq,52,May,2018,45,29,46,34,-3293421.11914013,6461102.68715351
Qeqqata,12,May,2018,45,30,50,42,-3459477.3435209,6933745.46830151
Qeqqata,70,Jun,2018,47,43,47,36,-3459477.3435209,6933745.46830151
Northeast Greenland National Park,14,Jul,2018,47,30,50,34,-2138695.73790353,7863297.22718145
Kujalleq,52,Jan,2018,46,17,47,18,-3293421.11914013,6461102.68715351
Sermersooq,61,Mar,2018,46,22,47,28,-2805676.89937148,7014478.42984152
Qasuitsup,40,Jun,2018,47,22,50,35,NA,NA
Qeqqata,36,Apr,2018,51,25,51,35,-3459477.3435209,6933745.46830151
Northeast Greenland National Park,65,May,2018,48,28,49,40,-2138695.73790353,7863297.22718145
Sermersooq,100,Apr,2018,48,28,49,39,-2805676.89937148,7014478.42984152
Northeast Greenland National Park,41,Feb,2018,56,34,80,67,-2138695.73790353,7863297.22718145
Northeast Greenland National Park,37,Apr,2018,50,37,55,41,-2138695.73790353,7863297.22718145
Northeast Greenland National Park,83,Feb,2018,50,21,50,25,-2138695.73790353,7863297.22718145
Kujalleq,62,May,2018,50,26,52,46,-3293421.11914013,6461102.68715351
Qeqqata,67,Aug,2018,49,32,53,36,-3459477.3435209,6933745.46830151
Qasuitsup,77,May,2018,49,28,55,30,NA,NA
Qasuitsup,40,Jul,2018,49,38,52,45,NA,NA
Qasuitsup,69,Jun,2018,49,23,50,31,NA,NA
Qeqqata,21,Jan,2018,52,39,51,41,-3459477.3435209,6933745.46830151
Sermersooq,38,Nov,2018,50,33,62,57,-2805676.89937148,7014478.42984152
Kujalleq,24,Jan,2018,52,39,56,52,-3293421.11914013,6461102.68715351
Qeqqata,34,Jun,2018,52,28,53,37,-3459477.3435209,6933745.46830151
Sermersooq,53,Jun,2018,51,26,51,32,-2805676.89937148,7014478.42984152
Sermersooq,38,Mar,2018,51,33,52,42,-2805676.89937148,7014478.42984152
Kujalleq,42,Mar,2018,53,25,53,33,-3293421.11914013,6461102.68715351
Qeqqata,13,May,2018,53,51,53,53,-3459477.3435209,6933745.46830151
Qeqqata,89,May,2018,53,32,55,49,-3459477.3435209,6933745.46830151
Northeast Greenland National Park,68,May,2018,55,28,59,34,-2138695.73790353,7863297.22718145
Northeast Greenland National Park,88,Apr,2018,55,36,60,44,-2138695.73790353,7863297.22718145
Northeast Greenland National Park,39,Mar,2018,55,33,59,43,-2138695.73790353,7863297.22718145
Sermersooq,15,Mar,2018,54,32,52,35,-2805676.89937148,7014478.42984152
Northeast Greenland National Park,68,Jan,2018,54,30,60,45,-2138695.73790353,7863297.22718145
Qasuitsup,97,Mar,2018,53,32,55,41,NA,NA
Sermersooq,47,May,2018,53,28,52,39,-2805676.89937148,7014478.42984152
Qeqqata,50,Mar,2018,53,32,52,34,-3459477.3435209,6933745.46830151
Sermersooq,76,Apr,2018,53,35,57,43,-2805676.89937148,7014478.42984152
Sermersooq,55,Jul,2018,53,38,57,35,-2805676.89937148,7014478.42984152
Northeast Greenland National Park,43,Mar,2018,57,34,65,59,-2138695.73790353,7863297.22718145
Northeast Greenland National Park,37,May,2018,56,40,60,48,-2138695.73790353,7863297.22718145
Northeast Greenland National Park,35,Feb,2018,56,25,61,46,-2138695.73790353,7863297.22718145
Qasuitsup,31,Jan,2018,56,34,53,31,NA,NA
Kujalleq,58,Jun,2018,55,52,54,46,-3293421.11914013,6461102.68715351
Qeqqata,74,Jun,2018,55,36,57,36,-3459477.3435209,6933745.46830151
Kujalleq,48,Nov,2018,55,30,68,63,-3293421.11914013,6461102.68715351
Qeqqata,19,Jul,2018,54,49,54,36,-3459477.3435209,6933745.46830151
Qeqqata,70,Feb,2018,56,39,56,38,-3459477.3435209,6933745.46830151
Kujalleq,4,Jan,2018,56,27,58,39,-3293421.11914013,6461102.68715351
Sermersooq,51,Oct,2018,55,47,62,55,-2805676.89937148,7014478.42984152
Qasuitsup,71,Feb,2018,55,35,56,38,NA,NA
Kujalleq,75,Oct,2018,55,41,63,61,-3293421.11914013,6461102.68715351
Kujalleq,32,Jul,2018,57,30,54,19,-3293421.11914013,6461102.68715351
Qasuitsup,44,Apr,2018,56,32,59,48,NA,NA
Kujalleq,96,Jun,2018,56,29,56,33,-3293421.11914013,6461102.68715351
Qeqqata,21,Apr,2018,56,20,54,30,-3459477.3435209,6933745.46830151
Kujalleq,75,Feb,2018,56,44,62,60,-3293421.11914013,6461102.68715351
Northeast Greenland National Park,99,Jan,2018,64,27,90,57,-2138695.73790353,7863297.22718145
Northeast Greenland National Park,16,May,2018,59,30,60,39,-2138695.73790353,7863297.22718145
Sermersooq,79,Jan,2018,58,30,62,45,-2805676.89937148,7014478.42984152
Qeqqata,2,Apr,2018,57,15,58,20,-3459477.3435209,6933745.46830151
Kujalleq,72,Jan,2018,57,45,57,45,-3293421.11914013,6461102.68715351
Kujalleq,75,Mar,2018,57,31,63,45,-3293421.11914013,6461102.68715351
Northeast Greenland National Park,64,Mar,2018,63,27,84,46,-2138695.73790353,7863297.22718145
Sermersooq,79,Nov,2018,58,37,64,64,-2805676.89937148,7014478.42984152
Kujalleq,95,Sep,2018,58,50,60,53,-3293421.11914013,6461102.68715351
Sermersooq,53,Mar,2018,58,20,57,22,-2805676.89937148,7014478.42984152
Sermersooq,55,Jun,2018,58,30,63,40,-2805676.89937148,7014478.42984152
Northeast Greenland National Park,49,Feb,2018,61,52,66,61,-2138695.73790353,7863297.22718145
Qeqqata,67,Mar,2018,60,35,58,39,-3459477.3435209,6933745.46830151
Qasuitsup,8,Jan,2018,60,25,63,31,NA,NA
Sermersooq,60,Dec,2018,60,54,58,41,-2805676.89937148,7014478.42984152
Northeast Greenland National Park,65,Mar,2018,59,32,61,43,-2138695.73790353,7863297.22718145
Sermersooq,51,Mar,2018,59,30,59,37,-2805676.89937148,7014478.42984152
Qeqqata,67,Feb,2018,59,36,60,39,-3459477.3435209,6933745.46830151
Qasuitsup,9,Feb,2018,59,29,60,36,NA,NA
Qeqqata,85,Jan,2018,61,47,57,37,-3459477.3435209,6933745.46830151
Kujalleq,58,May,2018,60,31,62,34,-3293421.11914013,6461102.68715351
Kujalleq,92,May,2018,60,32,62,37,-3293421.11914013,6461102.68715351
Kujalleq,4,May,2018,60,30,63,44,-3293421.11914013,6461102.68715351
Northeast Greenland National Park,82,Jan,2018,69,30,96,66,-2138695.73790353,7863297.22718145
Qeqqata,54,Jul,2018,62,39,62,28,-3459477.3435209,6933745.46830151
Qeqqata,22,Mar,2018,61,22,60,29,-3459477.3435209,6933745.46830151
Qasuitsup,40,Sep,2018,61,28,75,52,NA,NA
Qeqqata,70,Mar,2018,63,29,63,32,-3459477.3435209,6933745.46830151
Sermersooq,66,Jul,2018,62,33,68,36,-2805676.89937148,7014478.42984152
Qasuitsup,90,Mar,2018,65,48,61,49,NA,NA
Qasuitsup,90,Jun,2018,68,45,69,54,NA,NA
Qasuitsup,71,Jan,2018,65,34,62,33,NA,NA
Sermersooq,98,Jan,2018,63,31,65,32,-2805676.89937148,7014478.42984152
Kujalleq,26,Jul,2018,67,28,74,33,-3293421.11914013,6461102.68715351
Kujalleq,29,Dec,2018,66,50,65,43,-3293421.11914013,6461102.68715351
Qeqqata,5,Apr,2018,65,40,66,50,-3459477.3435209,6933745.46830151
Sermersooq,94,Mar,2018,65,39,63,42,-2805676.89937148,7014478.42984152
Qeqqata,22,Jun,2018,65,29,67,45,-3459477.3435209,6933745.46830151
Northeast Greenland National Park,83,Jul,2018,65,42,68,44,-2138695.73790353,7863297.22718145
Qeqqata,12,Mar,2018,65,33,69,48,-3459477.3435209,6933745.46830151
Sermersooq,79,Oct,2018,66,38,74,61,-2805676.89937148,7014478.42984152
Sermersooq,79,Dec,2018,66,55,67,66,-2805676.89937148,7014478.42984152
Qeqqata,13,Mar,2018,68,51,66,54,-3459477.3435209,6933745.46830151
Qeqqata,13,Oct,2018,68,63,67,50,-3459477.3435209,6933745.46830151
Qeqqata,89,Feb,2018,68,50,71,65,-3459477.3435209,6933745.46830151
Qeqqata,19,Jan,2018,68,30,68,32,-3459477.3435209,6933745.46830151
Sermersooq,25,Feb,2018,67,41,68,44,-2805676.89937148,7014478.42984152
Sermersooq,94,Jan,2018,66,55,64,44,-2805676.89937148,7014478.42984152
Sermersooq,84,Dec,2018,68,57,74,63,-2805676.89937148,7014478.42984152
Northeast Greenland National Park,83,Mar,2018,68,42,67,53,-2138695.73790353,7863297.22718145
Qeqqata,70,Oct,2018,69,43,84,72,-3459477.3435209,6933745.46830151
Northeast Greenland National Park,14,May,2018,73,55,80,76,-2138695.73790353,7863297.22718145
Qeqqata,70,May,2018,72,48,72,47,-3459477.3435209,6933745.46830151
Sermersooq,76,Jan,2018,72,14,79,20,-2805676.89937148,7014478.42984152
Kujalleq,62,Mar,2018,71,35,77,58,-3293421.11914013,6461102.68715351
Sermersooq,15,Feb,2018,70,58,67,59,-2805676.89937148,7014478.42984152
Sermersooq,47,Apr,2018,70,43,66,54,-2805676.89937148,7014478.42984152
Qeqqata,11,Apr,2018,70,46,71,61,-3459477.3435209,6933745.46830151
Qeqqata,86,Jun,2018,70,19,72,17,-3459477.3435209,6933745.46830151
Kujalleq,72,Aug,2018,69,48,71,44,-3293421.11914013,6461102.68715351
Northeast Greenland National Park,16,Jan,2018,75,49,96,77,-2138695.73790353,7863297.22718145
Qasuitsup,71,May,2018,72,45,73,57,NA,NA
Qeqqata,59,Feb,2018,72,47,75,68,-3459477.3435209,6933745.46830151
Qasuitsup,8,Feb,2018,72,36,75,45,NA,NA
Qeqqata,50,May,2018,72,60,74,62,-3459477.3435209,6933745.46830151
Kujalleq,27,Nov,2018,72,43,81,64,-3293421.11914013,6461102.68715351
Kujalleq,81,Jan,2018,71,35,73,44,-3293421.11914013,6461102.68715351
Kujalleq,52,Feb,2018,71,45,74,55,-3293421.11914013,6461102.68715351
Qeqqata,21,Feb,2018,71,47,70,52,-3459477.3435209,6933745.46830151
Northeast Greenland National Park,10,Sep,2018,81,41,132,132,-2138695.73790353,7863297.22718145
Northeast Greenland National Park,41,Nov,2018,76,35,136,130,-2138695.73790353,7863297.22718145
Qasuitsup,90,Jan,2018,73,59,71,55,NA,NA
Qeqqata,22,May,2018,72,45,74,62,-3459477.3435209,6933745.46830151
Sermersooq,38,Feb,2018,72,53,74,64,-2805676.89937148,7014478.42984152
Sermersooq,55,Mar,2018,72,33,74,44,-2805676.89937148,7014478.42984152
Kujalleq,80,Feb,2018,74,30,80,33,-3293421.11914013,6461102.68715351
Qasuitsup,8,Jun,2018,73,41,79,51,NA,NA
Kujalleq,52,Apr,2018,73,38,73,53,-3293421.11914013,6461102.68715351
Qeqqata,54,May,2018,73,22,54,39,-3459477.3435209,6933745.46830151
Sermersooq,57,May,2018,75,53,73,63,-2805676.89937148,7014478.42984152
Qeqqata,85,Mar,2018,75,39,72,40,-3459477.3435209,6933745.46830151
Sermersooq,60,Jul,2018,74,55,76,57,-2805676.89937148,7014478.42984152
Qasuitsup,40,Apr,2018,74,46,79,75,NA,NA
Qeqqata,21,Mar,2018,74,39,75,52,-3459477.3435209,6933745.46830151
Qeqqata,34,Mar,2018,74,38,74,50,-3459477.3435209,6933745.46830151
Sermersooq,100,Feb,2018,74,47,79,56,-2805676.89937148,7014478.42984152
Qeqqata,93,Jul,2018,111,81,119,104,-3459477.3435209,6933745.46830151
Kujalleq,96,Jan,2018,76,43,71,30,-3293421.11914013,6461102.68715351
Northeast Greenland National Park,37,Jul,2018,76,42,86,60,-2138695.73790353,7863297.22718145
Qeqqata,74,Apr,2018,76,58,76,62,-3459477.3435209,6933745.46830151
Sermersooq,78,Feb,2018,75,29,81,41,-2805676.89937148,7014478.42984152
Kujalleq,32,May,2018,75,32,75,41,-3293421.11914013,6461102.68715351
Northeast Greenland National Park,10,Dec,2018,86,49,130,111,-2138695.73790353,7863297.22718145
Northeast Greenland National Park,87,Mar,2018,80,55,82,63,-2138695.73790353,7863297.22718145
Northeast Greenland National Park,43,Feb,2018,80,36,86,69,-2138695.73790353,7863297.22718145
Northeast Greenland National Park,65,Apr,2018,78,43,74,64,-2138695.73790353,7863297.22718145
Northeast Greenland National Park,82,May,2018,82,45,105,61,-2138695.73790353,7863297.22718145
Northeast Greenland National Park,39,Feb,2018,80,61,86,71,-2138695.73790353,7863297.22718145
Northeast Greenland National Park,35,May,2018,79,39,82,51,-2138695.73790353,7863297.22718145
Qasuitsup,45,Apr,2018,79,31,79,43,NA,NA
Kujalleq,58,Oct,2018,77,47,85,56,-3293421.11914013,6461102.68715351
Northeast Greenland National Park,56,Feb,2018,81,50,87,70,-2138695.73790353,7863297.22718145
Kujalleq,62,Jan,2018,80,25,86,36,-3293421.11914013,6461102.68715351
Kujalleq,75,Jun,2018,78,56,89,77,-3293421.11914013,6461102.68715351
Northeast Greenland National Park,37,Jun,2018,81,51,95,70,-2138695.73790353,7863297.22718145
Qeqqata,19,Jun,2018,81,46,81,61,-3459477.3435209,6933745.46830151
Qeqqata,46,Jun,2018,81,33,81,42,-3459477.3435209,6933745.46830151
Sermersooq,38,Jan,2018,82,17,90,23,-2805676.89937148,7014478.42984152
Northeast Greenland National Park,39,Jun,2018,82,74,85,71,-2138695.73790353,7863297.22718145
Qeqqata,54,Jun,2018,82,49,82,64,-3459477.3435209,6933745.46830151
Qeqqata,59,Jan,2018,80,43,88,60,-3459477.3435209,6933745.46830151
Sermersooq,63,Jun,2018,80,48,82,58,-2805676.89937148,7014478.42984152
Northeast Greenland National Park,73,Apr,2018,85,62,93,75,-2138695.73790353,7863297.22718145
Northeast Greenland National Park,88,Jun,2018,84,65,90,77,-2138695.73790353,7863297.22718145
Northeast Greenland National Park,73,Feb,2018,83,65,91,91,-2138695.73790353,7863297.22718145
Qasuitsup,45,Jan,2018,83,55,80,52,NA,NA
Sermersooq,79,Mar,2018,82,51,88,82,-2805676.89937148,7014478.42984152
Qeqqata,86,Apr,2018,82,31,87,45,-3459477.3435209,6933745.46830151
Kujalleq,95,May,2018,83,55,82,51,-3293421.11914013,6461102.68715351
Qeqqata,50,Sep,2018,83,65,84,51,-3459477.3435209,6933745.46830151
Qeqqata,86,Feb,2018,83,42,91,59,-3459477.3435209,6933745.46830151
Sermersooq,55,May,2018,83,48,84,75,-2805676.89937148,7014478.42984152
Sermersooq,25,May,2018,82,54,81,64,-2805676.89937148,7014478.42984152
Qeqqata,59,Mar,2018,84,46,86,64,-3459477.3435209,6933745.46830151
Qasuitsup,91,Jul,2018,83,48,83,41,NA,NA
Qeqqata,46,Feb,2018,83,39,81,42,-3459477.3435209,6933745.46830151
Northeast Greenland National Park,87,Feb,2018,88,58,92,71,-2138695.73790353,7863297.22718145
Northeast Greenland National Park,37,Feb,2018,86,51,93,75,-2138695.73790353,7863297.22718145
Kujalleq,24,Dec,2018,86,72,88,70,-3293421.11914013,6461102.68715351
Northeast Greenland National Park,49,Mar,2018,86,64,93,83,-2138695.73790353,7863297.22718145
Northeast Greenland National Park,3,May,2018,86,62,89,80,-2138695.73790353,7863297.22718145
Kujalleq,72,May,2018,85,58,84,72,-3293421.11914013,6461102.68715351
Kujalleq,23,Jun,2018,84,56,85,50,-3293421.11914013,6461102.68715351
Sermersooq,100,Nov,2018,84,44,88,68,-2805676.89937148,7014478.42984152
Northeast Greenland National Park,14,Jan,2018,87,60,90,65,-2138695.73790353,7863297.22718145
Qasuitsup,69,Aug,2018,86,50,98,84,NA,NA
Qeqqata,11,Jun,2018,86,53,89,80,-3459477.3435209,6933745.46830151
Kujalleq,29,Jun,2018,86,56,88,67,-3293421.11914013,6461102.68715351
Northeast Greenland National Park,3,Jan,2018,92,72,117,115,-2138695.73790353,7863297.22718145
Sermersooq,76,Jun,2018,89,49,91,50,-2805676.89937148,7014478.42984152
Sermersooq,25,Jun,2018,87,59,88,72,-2805676.89937148,7014478.42984152
Qeqqata,2,Jul,2018,87,58,91,43,-3459477.3435209,6933745.46830151
Sermersooq,47,Feb,2018,87,34,84,34,-2805676.89937148,7014478.42984152
Qasuitsup,40,May,2018,87,41,89,70,NA,NA
Qasuitsup,40,Oct,2018,87,62,99,82,NA,NA
Qasuitsup,45,Mar,2018,91,42,86,43,NA,NA
Sermersooq,57,Oct,2018,88,64,100,74,-2805676.89937148,7014478.42984152
Sermersooq,84,Feb,2018,88,56,90,69,-2805676.89937148,7014478.42984152
Kujalleq,4,Jun,2018,88,51,96,66,-3293421.11914013,6461102.68715351
Sermersooq,94,Apr,2018,87,44,84,54,-2805676.89937148,7014478.42984152
Northeast Greenland National Park,3,Mar,2018,94,49,107,84,-2138695.73790353,7863297.22718145
Northeast Greenland National Park,28,Mar,2018,94,44,107,75,-2138695.73790353,7863297.22718145
Kujalleq,80,Jan,2018,92,66,102,89,-3293421.11914013,6461102.68715351
Sermersooq,33,Apr,2018,90,42,102,74,-2805676.89937148,7014478.42984152
Sermersooq,17,Mar,2018,90,55,97,87,-2805676.89937148,7014478.42984152
Qeqqata,11,Mar,2018,90,70,92,70,-3459477.3435209,6933745.46830151
Sermersooq,79,Jul,2018,89,33,96,39,-2805676.89937148,7014478.42984152
Northeast Greenland National Park,87,May,2018,94,71,104,97,-2138695.73790353,7863297.22718145
Sermersooq,15,Jul,2018,90,31,91,32,-2805676.89937148,7014478.42984152
Qeqqata,50,Jan,2018,90,81,88,77,-3459477.3435209,6933745.46830151
Sermersooq,61,Apr,2018,90,46,94,74,-2805676.89937148,7014478.42984152
Kujalleq,6,Dec,2018,93,40,103,47,-3293421.11914013,6461102.68715351
Kujalleq,26,Dec,2018,93,78,102,94,-3293421.11914013,6461102.68715351
Qasuitsup,44,Feb,2018,92,26,94,33,NA,NA
Sermersooq,60,Jun,2018,92,47,91,57,-2805676.89937148,7014478.42984152
Sermersooq,38,Jul,2018,92,66,100,86,-2805676.89937148,7014478.42984152
Sermersooq,98,Aug,2018,91,60,106,100,-2805676.89937148,7014478.42984152
Sermersooq,60,May,2018,91,54,89,74,-2805676.89937148,7014478.42984152
Sermersooq,17,Apr,2018,91,46,96,79,-2805676.89937148,7014478.42984152
Northeast Greenland National Park,10,Jan,2018,104,35,144,76,-2138695.73790353,7863297.22718145
Northeast Greenland National Park,99,Oct,2018,100,36,196,150,-2138695.73790353,7863297.22718145
Qasuitsup,77,Aug,2018,93,68,96,61,NA,NA
Kujalleq,58,Nov,2018,92,83,93,86,-3293421.11914013,6461102.68715351
Sermersooq,47,Jun,2018,92,63,92,76,-2805676.89937148,7014478.42984152
Qeqqata,18,Jun,2018,92,40,94,34,-3459477.3435209,6933745.46830151
Kujalleq,92,Jan,2018,91,71,93,79,-3293421.11914013,6461102.68715351
Northeast Greenland National Park,87,Jun,2018,97,49,102,59,-2138695.73790353,7863297.22718145
Qeqqata,89,Jan,2018,96,71,104,87,-3459477.3435209,6933745.46830151
Kujalleq,6,May,2018,95,64,101,83,-3293421.11914013,6461102.68715351
Sermersooq,33,Feb,2018,95,50,106,80,-2805676.89937148,7014478.42984152
Sermersooq,78,Mar,2018,94,37,101,58,-2805676.89937148,7014478.42984152
Qasuitsup,71,Jul,2018,93,54,92,40,NA,NA
Qasuitsup,91,Feb,2018,93,52,94,54,NA,NA
Qeqqata,36,Jun,2018,96,63,98,74,-3459477.3435209,6933745.46830151
Kujalleq,27,Mar,2018,96,30,98,38,-3293421.11914013,6461102.68715351
Northeast Greenland National Park,65,Feb,2018,95,50,90,56,-2138695.73790353,7863297.22718145
Qeqqata,5,Mar,2018,95,76,91,79,-3459477.3435209,6933745.46830151
Sermersooq,60,Nov,2018,95,44,96,53,-2805676.89937148,7014478.42984152
Sermersooq,63,Jul,2018,94,61,95,55,-2805676.89937148,7014478.42984152
Sermersooq,66,Mar,2018,94,38,101,61,-2805676.89937148,7014478.42984152
Northeast Greenland National Park,82,Mar,2018,103,38,137,64,-2138695.73790353,7863297.22718145
Northeast Greenland National Park,73,Aug,2018,99,66,119,110,-2138695.73790353,7863297.22718145
Qeqqata,5,Feb,2018,98,72,95,73,-3459477.3435209,6933745.46830151
Qeqqata,93,Aug,2018,96,54,115,112,-3459477.3435209,6933745.46830151
Kujalleq,96,May,2018,96,69,94,64,-3293421.11914013,6461102.68715351
Northeast Greenland National Park,83,Jun,2018,96,63,102,86,-2138695.73790353,7863297.22718145
Qeqqata,18,Jan,2018,96,47,106,68,-3459477.3435209,6933745.46830151
Sermersooq,63,Apr,2018,95,54,93,66,-2805676.89937148,7014478.42984152
Kujalleq,75,May,2018,95,32,105,57,-3293421.11914013,6461102.68715351
Northeast Greenland National Park,88,Mar,2018,101,43,112,63,-2138695.73790353,7863297.22718145
Qasuitsup,97,Jan,2018,97,64,102,76,NA,NA
Kujalleq,30,Feb,2018,97,51,101,62,-3293421.11914013,6461102.68715351
Qasuitsup,9,Mar,2018,97,64,96,86,NA,NA
Sermersooq,51,Jun,2018,96,56,97,69,-2805676.89937148,7014478.42984152
Kujalleq,96,Mar,2018,96,59,92,63,-3293421.11914013,6461102.68715351
Kujalleq,30,Jan,2018,96,42,97,47,-3293421.11914013,6461102.68715351
Qasuitsup,31,Mar,2018,101,60,94,62,NA,NA
Qeqqata,85,Apr,2018,98,68,98,85,-3459477.3435209,6933745.46830151
Qeqqata,50,Jun,2018,98,78,102,77,-3459477.3435209,6933745.46830151
Qeqqata,12,Aug,2018,98,77,104,99,-3459477.3435209,6933745.46830151
Qeqqata,12,Jun,2018,97,65,100,56,-3459477.3435209,6933745.46830151
Qeqqata,89,Mar,2018,101,50,104,62,-3459477.3435209,6933745.46830151
Qeqqata,18,Apr,2018,99,37,107,54,-3459477.3435209,6933745.46830151
Kujalleq,95,Jan,2018,98,59,92,42,-3293421.11914013,6461102.68715351
Qasuitsup,9,Jun,2018,98,41,100,53,NA,NA
Kujalleq,4,Apr,2018,102,59,102,81,-3293421.11914013,6461102.68715351
Kujalleq,92,Mar,2018,99,56,101,73,-3293421.11914013,6461102.68715351
Sermersooq,53,Oct,2018,99,66,108,89,-2805676.89937148,7014478.42984152
Northeast Greenland National Park,14,Feb,2018,104,53,109,66,-2138695.73790353,7863297.22718145
Northeast Greenland National Park,3,Apr,2018,104,77,117,94,-2138695.73790353,7863297.22718145
Kujalleq,24,Mar,2018,102,34,104,44,-3293421.11914013,6461102.68715351
Kujalleq,95,Jun,2018,101,71,100,80,-3293421.11914013,6461102.68715351
Kujalleq,58,Apr,2018,100,58,97,59,-3293421.11914013,6461102.68715351
Northeast Greenland National Park,49,Apr,2018,106,51,110,53,-2138695.73790353,7863297.22718145
Kujalleq,72,Feb,2018,102,79,102,82,-3293421.11914013,6461102.68715351
Sermersooq,84,Mar,2018,102,47,103,60,-2805676.89937148,7014478.42984152
Northeast Greenland National Park,64,Jun,2018,108,68,131,103,-2138695.73790353,7863297.22718145
Qasuitsup,8,May,2018,104,55,106,70,NA,NA
Qeqqata,13,Dec,2018,104,79,107,68,-3459477.3435209,6933745.46830151
Qeqqata,93,Jan,2018,103,42,112,57,-3459477.3435209,6933745.46830151
Sermersooq,51,May,2018,102,41,101,50,-2805676.89937148,7014478.42984152
Sermersooq,76,Feb,2018,102,57,104,70,-2805676.89937148,7014478.42984152
Qeqqata,46,Oct,2018,102,84,103,83,-3459477.3435209,6933745.46830151
Sermersooq,33,Mar,2018,104,31,121,56,-2805676.89937148,7014478.42984152
Qasuitsup,97,May,2018,103,54,108,81,NA,NA
Qeqqata,5,Jan,2018,103,89,98,68,-3459477.3435209,6933745.46830151
Sermersooq,47,Oct,2018,103,81,112,110,-2805676.89937148,7014478.42984152
Kujalleq,75,Jul,2018,103,82,110,74,-3293421.11914013,6461102.68715351
Northeast Greenland National Park,64,Jul,2018,114,66,146,144,-2138695.73790353,7863297.22718145
Kujalleq,4,Feb,2018,106,74,112,97,-3293421.11914013,6461102.68715351
Kujalleq,81,Jun,2018,105,56,108,73,-3293421.11914013,6461102.68715351
Kujalleq,30,Oct,2018,105,78,113,99,-3293421.11914013,6461102.68715351
Qeqqata,19,Oct,2018,105,80,106,80,-3459477.3435209,6933745.46830151
Sermersooq,66,May,2018,104,45,114,81,-2805676.89937148,7014478.42984152
Qasuitsup,31,Nov,2018,104,102,97,95,NA,NA
Northeast Greenland National Park,73,Mar,2018,110,47,123,70,-2138695.73790353,7863297.22718145
Kujalleq,6,Jun,2018,108,42,115,49,-3293421.11914013,6461102.68715351
Kujalleq,27,May,2018,107,59,109,98,-3293421.11914013,6461102.68715351
Sermersooq,98,Jul,2018,105,64,109,60,-2805676.89937148,7014478.42984152
Sermersooq,53,Aug,2018,105,69,120,114,-2805676.89937148,7014478.42984152
Sermersooq,61,May,2018,105,60,114,102,-2805676.89937148,7014478.42984152
Qasuitsup,91,Jun,2018,105,65,107,104,NA,NA
Kujalleq,24,Jul,2018,107,80,111,67,-3293421.11914013,6461102.68715351
Qeqqata,21,Dec,2018,107,83,106,79,-3459477.3435209,6933745.46830151
Qeqqata,54,Mar,2018,106,71,107,96,-3459477.3435209,6933745.46830151
Kujalleq,52,Sep,2018,105,63,117,91,-3293421.11914013,6461102.68715351
Northeast Greenland National Park,87,Apr,2018,113,52,118,70,-2138695.73790353,7863297.22718145
Northeast Greenland National Park,88,May,2018,110,69,121,84,-2138695.73790353,7863297.22718145
Qasuitsup,90,Feb,2018,108,18,105,16,NA,NA
Sermersooq,94,Oct,2018,107,55,117,75,-2805676.89937148,7014478.42984152
Qeqqata,11,May,2018,107,52,109,66,-3459477.3435209,6933745.46830151
Northeast Greenland National Park,99,Feb,2018,123,76,175,149,-2138695.73790353,7863297.22718145
Northeast Greenland National Park,49,Jun,2018,110,82,114,80,-2138695.73790353,7863297.22718145
Kujalleq,29,Jan,2018,108,59,110,66,-3293421.11914013,6461102.68715351
Northeast Greenland National Park,16,Feb,2018,114,38,123,72,-2138695.73790353,7863297.22718145
Qeqqata,54,Jan,2018,112,38,111,40,-3459477.3435209,6933745.46830151
Northeast Greenland National Park,65,Jan,2018,111,106,112,109,-2138695.73790353,7863297.22718145
Sermersooq,33,Jan,2018,111,74,124,100,-2805676.89937148,7014478.42984152
Northeast Greenland National Park,43,Dec,2018,111,63,133,131,-2138695.73790353,7863297.22718145
Qeqqata,22,Jul,2018,109,75,118,101,-3459477.3435209,6933745.46830151
Northeast Greenland National Park,16,Jun,2018,117,87,134,113,-2138695.73790353,7863297.22718145
Northeast Greenland National Park,37,Mar,2018,112,49,130,69,-2138695.73790353,7863297.22718145
Northeast Greenland National Park,28,Oct,2018,112,50,165,162,-2138695.73790353,7863297.22718145
Kujalleq,29,Feb,2018,110,78,115,94,-3293421.11914013,6461102.68715351
Qeqqata,7,Feb,2018,110,71,111,89,-3459477.3435209,6933745.46830151
Sermersooq,76,Mar,2018,110,67,112,86,-2805676.89937148,7014478.42984152
Qasuitsup,91,Jan,2018,110,74,102,49,NA,NA
Northeast Greenland National Park,1,Apr,2018,114,60,125,66,-2138695.73790353,7863297.22718145
Northeast Greenland National Park,37,Jan,2018,113,62,125,90,-2138695.73790353,7863297.22718145
Sermersooq,76,May,2018,113,56,113,66,-2805676.89937148,7014478.42984152
Sermersooq,38,May,2018,114,77,114,90,-2805676.89937148,7014478.42984152
Qeqqata,2,Mar,2018,113,53,111,59,-3459477.3435209,6933745.46830151
Qeqqata,19,Nov,2018,113,96,114,100,-3459477.3435209,6933745.46830151
Northeast Greenland National Park,1,Feb,2018,115,47,124,68,-2138695.73790353,7863297.22718145
Kujalleq,24,Jun,2018,115,63,119,75,-3293421.11914013,6461102.68715351
Qeqqata,18,Aug,2018,114,64,122,82,-3459477.3435209,6933745.46830151
Qasuitsup,69,Jan,2018,113,24,117,30,NA,NA
Sermersooq,55,Dec,2018,113,69,116,65,-2805676.89937148,7014478.42984152
Kujalleq,26,Mar,2018,117,49,128,63,-3293421.11914013,6461102.68715351
Kujalleq,62,Apr,2018,115,52,126,103,-3293421.11914013,6461102.68715351
Qeqqata,5,Aug,2018,116,82,124,93,-3459477.3435209,6933745.46830151
Qeqqata,13,Feb,2018,116,62,112,59,-3459477.3435209,6933745.46830151
Sermersooq,76,Jul,2018,116,60,127,80,-2805676.89937148,7014478.42984152
Qasuitsup,69,Oct,2018,116,83,122,92,NA,NA
Qasuitsup,40,Aug,2018,115,67,150,150,NA,NA
Northeast Greenland National Park,16,Mar,2018,123,67,139,114,-2138695.73790353,7863297.22718145
Qeqqata,36,Mar,2018,120,92,123,116,-3459477.3435209,6933745.46830151
Qasuitsup,45,Feb,2018,118,82,113,78,NA,NA
Kujalleq,58,Feb,2018,117,84,119,101,-3293421.11914013,6461102.68715351
Qeqqata,13,Jun,2018,117,95,120,94,-3459477.3435209,6933745.46830151
Qeqqata,13,Jul,2018,117,83,120,55,-3459477.3435209,6933745.46830151
Qeqqata,12,Feb,2018,117,75,129,106,-3459477.3435209,6933745.46830151
Sermersooq,98,May,2018,116,83,114,101,-2805676.89937148,7014478.42984152
Northeast Greenland National Park,35,Jan,2018,123,74,157,117,-2138695.73790353,7863297.22718145
Northeast Greenland National Park,14,Oct,2018,120,79,138,123,-2138695.73790353,7863297.22718145
Qasuitsup,31,Apr,2018,120,68,118,93,NA,NA
Qasuitsup,45,Jul,2018,118,94,119,71,NA,NA
Kujalleq,42,Sep,2018,117,86,130,124,-3293421.11914013,6461102.68715351
Qeqqata,34,Oct,2018,117,70,119,70,-3459477.3435209,6933745.46830151
Northeast Greenland National Park,10,Jun,2018,125,67,152,101,-2138695.73790353,7863297.22718145
Kujalleq,26,Jan,2018,122,57,134,75,-3293421.11914013,6461102.68715351
Kujalleq,6,Jul,2018,121,93,134,108,-3293421.11914013,6461102.68715351
Sermersooq,38,Jun,2018,121,28,123,28,-2805676.89937148,7014478.42984152
Kujalleq,48,Mar,2018,120,58,130,97,-3293421.11914013,6461102.68715351
Kujalleq,72,Oct,2018,119,81,121,74,-3293421.11914013,6461102.68715351
Sermersooq,25,Mar,2018,118,44,118,52,-2805676.89937148,7014478.42984152
Sermersooq,66,Jan,2018,118,46,139,67,-2805676.89937148,7014478.42984152
Kujalleq,4,Mar,2018,118,61,122,74,-3293421.11914013,6461102.68715351
Sermersooq,25,Jan,2018,117,74,120,75,-2805676.89937148,7014478.42984152
Qasuitsup,40,Dec,2018,117,63,129,75,NA,NA
Qasuitsup,97,Dec,2018,120,75,125,80,NA,NA
Kujalleq,23,Aug,2018,119,92,124,86,-3293421.11914013,6461102.68715351
Sermersooq,51,Apr,2018,121,71,122,91,-2805676.89937148,7014478.42984152
Sermersooq,66,Feb,2018,121,61,137,89,-2805676.89937148,7014478.42984152
Northeast Greenland National Park,49,May,2018,125,76,133,71,-2138695.73790353,7863297.22718145
Qasuitsup,8,Sep,2018,124,73,140,108,NA,NA
Qeqqata,59,Dec,2018,122,70,130,98,-3459477.3435209,6933745.46830151
Kujalleq,32,Jun,2018,121,66,121,62,-3293421.11914013,6461102.68715351
Qasuitsup,77,Nov,2018,121,91,119,79,NA,NA
Kujalleq,81,Mar,2018,123,99,121,115,-3293421.11914013,6461102.68715351
Kujalleq,30,Mar,2018,123,66,125,87,-3293421.11914013,6461102.68715351
Qasuitsup,44,Jun,2018,122,72,131,99,NA,NA
Sermersooq,98,Apr,2018,122,76,123,98,-2805676.89937148,7014478.42984152
Qeqqata,46,Apr,2018,122,42,118,61,-3459477.3435209,6933745.46830151
Northeast Greenland National Park,68,Jun,2018,126,91,148,123,-2138695.73790353,7863297.22718145
Northeast Greenland National Park,87,Oct,2018,126,92,145,144,-2138695.73790353,7863297.22718145
Qeqqata,70,Dec,2018,125,81,135,107,-3459477.3435209,6933745.46830151
Kujalleq,27,Feb,2018,125,90,133,122,-3293421.11914013,6461102.68715351
Kujalleq,42,Apr,2018,124,85,123,118,-3293421.11914013,6461102.68715351
Sermersooq,55,Jan,2018,124,82,133,99,-2805676.89937148,7014478.42984152
Kujalleq,32,Apr,2018,123,78,120,93,-3293421.11914013,6461102.68715351
Kujalleq,26,Apr,2018,128,75,132,85,-3293421.11914013,6461102.68715351
Qeqqata,7,Mar,2018,124,71,121,94,-3459477.3435209,6933745.46830151
Northeast Greenland National Park,35,Jul,2018,130,61,153,122,-2138695.73790353,7863297.22718145
Kujalleq,62,Dec,2018,126,96,139,102,-3293421.11914013,6461102.68715351
Sermersooq,17,Jan,2018,125,29,147,42,-2805676.89937148,7014478.42984152
Northeast Greenland National Park,82,Feb,2018,145,102,205,200,-2138695.73790353,7863297.22718145
Northeast Greenland National Park,41,Mar,2018,137,61,184,103,-2138695.73790353,7863297.22718145
Northeast Greenland National Park,41,May,2018,136,110,172,148,-2138695.73790353,7863297.22718145
Qasuitsup,45,Aug,2018,133,85,134,108,NA,NA
Kujalleq,95,Dec,2018,127,122,121,85,-3293421.11914013,6461102.68715351
Kujalleq,29,Oct,2018,127,80,138,102,-3293421.11914013,6461102.68715351
Northeast Greenland National Park,99,Nov,2018,137,61,243,228,-2138695.73790353,7863297.22718145
Qeqqata,70,Apr,2018,131,84,133,84,-3459477.3435209,6933745.46830151
Qeqqata,93,Apr,2018,129,43,135,63,-3459477.3435209,6933745.46830151
Kujalleq,52,Jun,2018,129,109,132,129,-3293421.11914013,6461102.68715351
Qeqqata,12,Apr,2018,129,76,138,112,-3459477.3435209,6933745.46830151
Qeqqata,2,May,2018,128,48,129,59,-3459477.3435209,6933745.46830151
Sermersooq,17,May,2018,128,58,140,103,-2805676.89937148,7014478.42984152
Northeast Greenland National Park,39,Apr,2018,135,83,141,86,-2138695.73790353,7863297.22718145
Northeast Greenland National Park,1,Jan,2018,131,67,144,98,-2138695.73790353,7863297.22718145
Sermersooq,25,Jul,2018,129,77,134,73,-2805676.89937148,7014478.42984152
Northeast Greenland National Park,43,Jul,2018,135,60,159,119,-2138695.73790353,7863297.22718145
Kujalleq,72,Sep,2018,131,105,131,96,-3293421.11914013,6461102.68715351
Sermersooq,94,May,2018,131,74,127,103,-2805676.89937148,7014478.42984152
Qeqqata,11,Aug,2018,131,70,140,90,-3459477.3435209,6933745.46830151
Qeqqata,22,Jan,2018,130,87,130,92,-3459477.3435209,6933745.46830151
Qeqqata,12,Nov,2018,130,69,142,97,-3459477.3435209,6933745.46830151
Kujalleq,92,Apr,2018,132,60,131,84,-3293421.11914013,6461102.68715351
Sermersooq,47,Dec,2018,131,95,128,70,-2805676.89937148,7014478.42984152
Northeast Greenland National Park,65,Jun,2018,134,81,138,107,-2138695.73790353,7863297.22718145
Sermersooq,57,Jun,2018,133,66,133,82,-2805676.89937148,7014478.42984152
Sermersooq,66,Jun,2018,133,106,142,89,-2805676.89937148,7014478.42984152
Northeast Greenland National Park,73,Sep,2018,133,78,166,129,-2138695.73790353,7863297.22718145
Kujalleq,26,May,2018,136,67,145,86,-3293421.11914013,6461102.68715351
Kujalleq,48,Oct,2018,136,51,172,101,-3293421.11914013,6461102.68715351
Qasuitsup,97,Feb,2018,135,68,140,86,NA,NA
Kujalleq,30,Apr,2018,135,62,133,85,-3293421.11914013,6461102.68715351
Kujalleq,52,Nov,2018,135,88,140,111,-3293421.11914013,6461102.68715351
Northeast Greenland National Park,28,Feb,2018,141,41,154,78,-2138695.73790353,7863297.22718145
Kujalleq,27,Sep,2018,137,83,161,147,-3293421.11914013,6461102.68715351
Qasuitsup,90,Jul,2018,137,113,137,85,NA,NA
Sermersooq,63,May,2018,136,66,135,83,-2805676.89937148,7014478.42984152
Qasuitsup,69,Mar,2018,136,78,135,106,NA,NA
Kujalleq,72,Apr,2018,135,84,132,100,-3293421.11914013,6461102.68715351
Sermersooq,47,Aug,2018,135,78,153,129,-2805676.89937148,7014478.42984152
Qeqqata,22,Aug,2018,135,76,150,131,-3459477.3435209,6933745.46830151
Sermersooq,100,Jan,2018,135,74,146,89,-2805676.89937148,7014478.42984152
Northeast Greenland National Park,28,Apr,2018,142,79,160,95,-2138695.73790353,7863297.22718145
Northeast Greenland National Park,43,Sep,2018,139,50,174,114,-2138695.73790353,7863297.22718145
Kujalleq,42,Nov,2018,138,107,142,134,-3293421.11914013,6461102.68715351
Northeast Greenland National Park,56,Apr,2018,144,91,156,108,-2138695.73790353,7863297.22718145
Sermersooq,51,Feb,2018,137,82,138,87,-2805676.89937148,7014478.42984152
Sermersooq,98,Feb,2018,137,79,138,84,-2805676.89937148,7014478.42984152
Kujalleq,52,Jul,2018,137,115,142,112,-3293421.11914013,6461102.68715351
Qeqqata,7,Jun,2018,137,74,139,114,-3459477.3435209,6933745.46830151
Qeqqata,34,Jan,2018,142,100,140,107,-3459477.3435209,6933745.46830151
Qasuitsup,44,Jan,2018,138,89,146,106,NA,NA
Kujalleq,30,Jul,2018,138,103,143,100,-3293421.11914013,6461102.68715351
Qeqqata,59,Jul,2018,205,138,221,176,-3459477.3435209,6933745.46830151
Northeast Greenland National Park,39,Dec,2018,142,106,155,148,-2138695.73790353,7863297.22718145
Northeast Greenland National Park,49,Aug,2018,141,91,166,142,-2138695.73790353,7863297.22718145
Qasuitsup,69,Feb,2018,139,62,142,76,NA,NA
Sermersooq,100,Mar,2018,139,62,144,84,-2805676.89937148,7014478.42984152
Qeqqata,70,Jul,2018,145,101,142,92,-3459477.3435209,6933745.46830151
Qasuitsup,44,Aug,2018,141,67,174,150,NA,NA
Kujalleq,32,Nov,2018,141,94,142,92,-3293421.11914013,6461102.68715351
Kujalleq,32,Mar,2018,140,84,138,91,-3293421.11914013,6461102.68715351
Sermersooq,60,Mar,2018,140,88,137,95,-2805676.89937148,7014478.42984152
Qasuitsup,91,Mar,2018,140,80,136,87,NA,NA
Northeast Greenland National Park,16,Apr,2018,147,76,165,92,-2138695.73790353,7863297.22718145
Kujalleq,80,Apr,2018,144,88,150,101,-3293421.11914013,6461102.68715351
Northeast Greenland National Park,35,Sep,2018,144,54,179,126,-2138695.73790353,7863297.22718145
Kujalleq,48,Jun,2018,143,92,157,149,-3293421.11914013,6461102.68715351
Qeqqata,36,Aug,2018,142,86,172,170,-3459477.3435209,6933745.46830151
Northeast Greenland National Park,56,Mar,2018,148,98,166,144,-2138695.73790353,7863297.22718145
Northeast Greenland National Park,68,Feb,2018,146,82,157,118,-2138695.73790353,7863297.22718145
Qeqqata,13,Apr,2018,144,88,145,94,-3459477.3435209,6933745.46830151
Qasuitsup,31,Dec,2018,144,138,133,93,NA,NA
Qasuitsup,31,Jun,2018,152,77,154,91,NA,NA
Qasuitsup,90,Sep,2018,150,97,147,85,NA,NA
Northeast Greenland National Park,68,Sep,2018,145,72,178,134,-2138695.73790353,7863297.22718145
Qeqqata,93,Dec,2018,145,107,156,149,-3459477.3435209,6933745.46830151
Qeqqata,18,Oct,2018,145,97,167,131,-3459477.3435209,6933745.46830151
Kujalleq,75,Apr,2018,145,48,162,82,-3293421.11914013,6461102.68715351
Kujalleq,26,Feb,2018,148,78,161,88,-3293421.11914013,6461102.68715351
Qeqqata,18,Feb,2018,147,85,162,119,-3459477.3435209,6933745.46830151
Sermersooq,57,Mar,2018,148,74,146,88,-2805676.89937148,7014478.42984152
Qeqqata,46,Jul,2018,148,137,148,100,-3459477.3435209,6933745.46830151
Northeast Greenland National Park,35,Jun,2018,158,59,180,76,-2138695.73790353,7863297.22718145
Qeqqata,36,May,2018,153,90,159,140,-3459477.3435209,6933745.46830151
Sermersooq,47,Mar,2018,148,106,145,116,-2805676.89937148,7014478.42984152
Kujalleq,81,May,2018,150,73,157,116,-3293421.11914013,6461102.68715351
Kujalleq,58,Mar,2018,149,88,148,97,-3293421.11914013,6461102.68715351
Qeqqata,67,Oct,2018,149,117,150,114,-3459477.3435209,6933745.46830151
Kujalleq,92,Feb,2018,149,106,156,128,-3293421.11914013,6461102.68715351
Qeqqata,70,Jan,2018,153,93,156,96,-3459477.3435209,6933745.46830151
Kujalleq,42,May,2018,151,99,153,114,-3293421.11914013,6461102.68715351
Qeqqata,13,Jan,2018,151,76,147,72,-3459477.3435209,6933745.46830151
Qasuitsup,77,Sep,2018,150,105,149,82,NA,NA
Northeast Greenland National Park,10,Apr,2018,158,128,182,161,-2138695.73790353,7863297.22718145
Kujalleq,27,Jan,2018,154,97,164,130,-3293421.11914013,6461102.68715351
Qeqqata,93,May,2018,153,62,152,96,-3459477.3435209,6933745.46830151
Kujalleq,23,Mar,2018,152,105,143,73,-3293421.11914013,6461102.68715351
Northeast Greenland National Park,10,Aug,2018,168,99,256,242,-2138695.73790353,7863297.22718145
Northeast Greenland National Park,1,Jul,2018,154,101,176,146,-2138695.73790353,7863297.22718145
Qasuitsup,44,Mar,2018,153,95,156,121,NA,NA
Qeqqata,22,Nov,2018,152,100,159,145,-3459477.3435209,6933745.46830151
Northeast Greenland National Park,3,Nov,2018,163,77,214,189,-2138695.73790353,7863297.22718145
Qeqqata,5,May,2018,154,62,147,82,-3459477.3435209,6933745.46830151
Northeast Greenland National Park,37,Aug,2018,154,98,188,183,-2138695.73790353,7863297.22718145
Sermersooq,100,Jun,2018,153,72,167,97,-2805676.89937148,7014478.42984152
Northeast Greenland National Park,41,Aug,2018,170,99,259,241,-2138695.73790353,7863297.22718145
Northeast Greenland National Park,65,Dec,2018,155,86,157,89,-2138695.73790353,7863297.22718145
Qeqqata,50,Apr,2018,155,86,157,93,-3459477.3435209,6933745.46830151
Sermersooq,94,Nov,2018,154,104,157,126,-2805676.89937148,7014478.42984152
Qeqqata,2,Sep,2018,155,106,156,97,-3459477.3435209,6933745.46830151
Kujalleq,92,Oct,2018,155,121,168,154,-3293421.11914013,6461102.68715351
Northeast Greenland National Park,64,Apr,2018,164,84,189,107,-2138695.73790353,7863297.22718145
Kujalleq,24,Feb,2018,158,82,168,110,-3293421.11914013,6461102.68715351
Kujalleq,52,Mar,2018,157,84,159,110,-3293421.11914013,6461102.68715351
Qasuitsup,31,Feb,2018,157,96,152,91,NA,NA
Kujalleq,29,May,2018,156,89,160,103,-3293421.11914013,6461102.68715351
Kujalleq,23,Apr,2018,156,94,149,103,-3293421.11914013,6461102.68715351
Northeast Greenland National Park,87,Jan,2018,161,100,166,108,-2138695.73790353,7863297.22718145
Qasuitsup,90,Apr,2018,160,85,159,118,NA,NA
Qasuitsup,71,Sep,2018,157,120,151,99,NA,NA
Qeqqata,22,Feb,2018,157,66,159,83,-3459477.3435209,6933745.46830151
Northeast Greenland National Park,10,Mar,2018,171,60,229,102,-2138695.73790353,7863297.22718145
Kujalleq,26,Jun,2018,162,92,174,108,-3293421.11914013,6461102.68715351
Kujalleq,24,May,2018,162,79,164,132,-3293421.11914013,6461102.68715351
Northeast Greenland National Park,39,Nov,2018,161,92,189,168,-2138695.73790353,7863297.22718145
Kujalleq,81,Apr,2018,159,105,156,154,-3293421.11914013,6461102.68715351
Sermersooq,47,Jan,2018,159,115,152,92,-2805676.89937148,7014478.42984152
Sermersooq,63,Nov,2018,158,124,169,157,-2805676.89937148,7014478.42984152
Qasuitsup,40,Feb,2018,158,89,174,125,NA,NA
Qasuitsup,31,Sep,2018,166,134,162,118,NA,NA
Kujalleq,29,Apr,2018,161,105,159,145,-3293421.11914013,6461102.68715351
Qeqqata,18,Sep,2018,160,113,177,153,-3459477.3435209,6933745.46830151
Qasuitsup,97,Apr,2018,159,68,167,99,NA,NA
Sermersooq,15,Aug,2018,159,79,182,133,-2805676.89937148,7014478.42984152
Sermersooq,66,Nov,2018,159,59,188,138,-2805676.89937148,7014478.42984152
Kujalleq,80,Jun,2018,166,55,177,64,-3293421.11914013,6461102.68715351
Northeast Greenland National Park,1,Mar,2018,165,121,190,170,-2138695.73790353,7863297.22718145
Kujalleq,20,Oct,2018,163,91,192,150,-3293421.11914013,6461102.68715351
Sermersooq,94,Feb,2018,162,85,155,86,-2805676.89937148,7014478.42984152
Kujalleq,80,Nov,2018,166,99,209,201,-3293421.11914013,6461102.68715351
Qasuitsup,9,Nov,2018,164,130,169,148,NA,NA
Kujalleq,96,Sep,2018,162,119,169,127,-3293421.11914013,6461102.68715351
Northeast Greenland National Park,1,Dec,2018,166,102,188,157,-2138695.73790353,7863297.22718145
Sermersooq,84,Aug,2018,164,61,204,136,-2805676.89937148,7014478.42984152
Kujalleq,75,Jan,2018,164,80,184,84,-3293421.11914013,6461102.68715351
Northeast Greenland National Park,73,Dec,2018,170,126,193,184,-2138695.73790353,7863297.22718145
Northeast Greenland National Park,37,Nov,2018,166,90,200,182,-2138695.73790353,7863297.22718145
Qeqqata,11,Feb,2018,165,82,170,92,-3459477.3435209,6933745.46830151
Qeqqata,67,Dec,2018,167,105,166,98,-3459477.3435209,6933745.46830151
Qeqqata,59,Nov,2018,166,107,191,166,-3459477.3435209,6933745.46830151
Northeast Greenland National Park,83,May,2018,166,72,175,112,-2138695.73790353,7863297.22718145
Sermersooq,66,Dec,2018,165,123,179,159,-2805676.89937148,7014478.42984152
Northeast Greenland National Park,82,Jul,2018,182,78,234,172,-2138695.73790353,7863297.22718145
Northeast Greenland National Park,83,Jan,2018,167,87,176,99,-2138695.73790353,7863297.22718145
Kujalleq,4,Dec,2018,167,132,181,146,-3293421.11914013,6461102.68715351
Kujalleq,72,Dec,2018,166,121,165,92,-3293421.11914013,6461102.68715351
Northeast Greenland National Park,56,May,2018,173,93,189,113,-2138695.73790353,7863297.22718145
Northeast Greenland National Park,16,Dec,2018,171,81,203,168,-2138695.73790353,7863297.22718145
Qeqqata,19,Mar,2018,168,71,168,95,-3459477.3435209,6933745.46830151
Qeqqata,22,Dec,2018,167,159,164,146,-3459477.3435209,6933745.46830151
Qasuitsup,9,Jul,2018,167,127,173,122,NA,NA
Qasuitsup,45,Jun,2018,177,111,180,133,NA,NA
Northeast Greenland National Park,35,Oct,2018,171,77,253,250,-2138695.73790353,7863297.22718145
Kujalleq,23,Dec,2018,170,149,162,110,-3293421.11914013,6461102.68715351
Sermersooq,60,Jan,2018,169,138,162,110,-2805676.89937148,7014478.42984152
Qeqqata,54,Nov,2018,169,124,172,131,-3459477.3435209,6933745.46830151
Sermersooq,15,May,2018,168,91,164,126,-2805676.89937148,7014478.42984152
Qasuitsup,8,Aug,2018,171,111,201,183,NA,NA
Kujalleq,96,Jul,2018,170,120,172,116,-3293421.11914013,6461102.68715351
Qasuitsup,69,Apr,2018,170,105,174,157,NA,NA
Sermersooq,98,Dec,2018,169,168,165,135,-2805676.89937148,7014478.42984152
Kujalleq,23,May,2018,169,125,165,137,-3293421.11914013,6461102.68715351
Kujalleq,4,Oct,2018,169,106,199,166,-3293421.11914013,6461102.68715351
Sermersooq,51,Jul,2018,170,141,178,133,-2805676.89937148,7014478.42984152
Northeast Greenland National Park,10,Feb,2018,194,133,275,260,-2138695.73790353,7863297.22718145
Northeast Greenland National Park,88,Jan,2018,177,117,205,170,-2138695.73790353,7863297.22718145
Qasuitsup,44,Oct,2018,172,139,197,185,NA,NA
Kujalleq,80,Oct,2018,175,98,229,209,-3293421.11914013,6461102.68715351
Qeqqata,74,Jan,2018,174,100,168,95,-3459477.3435209,6933745.46830151
Qasuitsup,31,May,2018,174,79,174,101,NA,NA
Kujalleq,58,Sep,2018,173,118,194,180,-3293421.11914013,6461102.68715351
Qasuitsup,77,Mar,2018,173,91,176,89,NA,NA
Qasuitsup,77,Dec,2018,173,114,173,94,NA,NA
Kujalleq,81,Feb,2018,174,96,185,125,-3293421.11914013,6461102.68715351
Qeqqata,59,Aug,2018,174,101,210,209,-3459477.3435209,6933745.46830151
Kujalleq,23,Feb,2018,173,44,167,46,-3293421.11914013,6461102.68715351
Northeast Greenland National Park,1,May,2018,179,111,195,132,-2138695.73790353,7863297.22718145
Qeqqata,22,Sep,2018,178,103,193,154,-3459477.3435209,6933745.46830151
Northeast Greenland National Park,37,Dec,2018,177,117,201,181,-2138695.73790353,7863297.22718145
Northeast Greenland National Park,39,Jan,2018,177,107,198,137,-2138695.73790353,7863297.22718145
Northeast Greenland National Park,28,Aug,2018,177,77,216,151,-2138695.73790353,7863297.22718145
Qasuitsup,77,Apr,2018,176,132,174,134,NA,NA
Qasuitsup,9,Apr,2018,175,91,179,137,NA,NA
Qeqqata,12,Oct,2018,175,110,200,148,-3459477.3435209,6933745.46830151
Qeqqata,19,Apr,2018,175,57,168,82,-3459477.3435209,6933745.46830151
Qasuitsup,91,Aug,2018,174,141,177,147,NA,NA
Kujalleq,4,Aug,2018,174,108,201,182,-3293421.11914013,6461102.68715351
Kujalleq,75,Nov,2018,174,97,203,161,-3293421.11914013,6461102.68715351
Northeast Greenland National Park,28,Jan,2018,185,138,235,219,-2138695.73790353,7863297.22718145
Kujalleq,6,Feb,2018,178,92,193,104,-3293421.11914013,6461102.68715351
Northeast Greenland National Park,56,Sep,2018,178,89,220,145,-2138695.73790353,7863297.22718145
Qeqqata,89,Dec,2018,177,85,198,109,-3459477.3435209,6933745.46830151
Kujalleq,72,Mar,2018,176,94,173,102,-3293421.11914013,6461102.68715351
Northeast Greenland National Park,41,Apr,2018,185,126,213,160,-2138695.73790353,7863297.22718145
Northeast Greenland National Park,56,Jul,2018,180,110,200,152,-2138695.73790353,7863297.22718145
Qeqqata,2,Nov,2018,177,147,177,152,-3459477.3435209,6933745.46830151
Qeqqata,70,Nov,2018,181,122,204,194,-3459477.3435209,6933745.46830151
Kujalleq,81,Jul,2018,180,151,193,137,-3293421.11914013,6461102.68715351
Northeast Greenland National Park,28,Dec,2018,180,94,215,195,-2138695.73790353,7863297.22718145
Kujalleq,20,Dec,2018,179,144,185,139,-3293421.11914013,6461102.68715351
Sermersooq,94,Jun,2018,177,125,176,153,-2805676.89937148,7014478.42984152
Kujalleq,95,Oct,2018,180,109,179,97,-3293421.11914013,6461102.68715351
Qeqqata,93,Nov,2018,179,109,206,169,-3459477.3435209,6933745.46830151
Qasuitsup,40,Jan,2018,179,83,195,117,NA,NA
Qasuitsup,69,May,2018,179,98,185,151,NA,NA
Kujalleq,80,Sep,2018,182,87,222,196,-3293421.11914013,6461102.68715351
Qeqqata,34,Nov,2018,180,117,184,124,-3459477.3435209,6933745.46830151
Kujalleq,42,Jan,2018,179,94,182,105,-3293421.11914013,6461102.68715351
Qeqqata,12,Sep,2018,181,111,201,151,-3459477.3435209,6933745.46830151
Qeqqata,7,Dec,2018,180,114,177,106,-3459477.3435209,6933745.46830151
Qeqqata,36,Feb,2018,185,106,191,139,-3459477.3435209,6933745.46830151
Kujalleq,24,Sep,2018,184,92,215,161,-3293421.11914013,6461102.68715351
Qeqqata,36,Jul,2018,183,158,191,157,-3459477.3435209,6933745.46830151
Qasuitsup,44,Sep,2018,181,115,214,201,NA,NA
Northeast Greenland National Park,99,Sep,2018,204,66,332,213,-2138695.73790353,7863297.22718145
Northeast Greenland National Park,68,Oct,2018,185,107,235,232,-2138695.73790353,7863297.22718145
Qeqqata,86,Jul,2018,184,124,185,108,-3459477.3435209,6933745.46830151
Sermersooq,94,Dec,2018,182,140,178,104,-2805676.89937148,7014478.42984152
Qasuitsup,69,Jul,2018,182,131,188,126,NA,NA
Sermersooq,33,Jun,2018,188,74,213,116,-2805676.89937148,7014478.42984152
Qasuitsup,91,Nov,2018,183,151,178,131,NA,NA
Kujalleq,95,Feb,2018,188,73,177,72,-3293421.11914013,6461102.68715351
Kujalleq,29,Nov,2018,185,140,192,176,-3293421.11914013,6461102.68715351
Qeqqata,11,Nov,2018,185,156,188,162,-3459477.3435209,6933745.46830151
Sermersooq,60,Apr,2018,184,93,176,114,-2805676.89937148,7014478.42984152
Qeqqata,34,Dec,2018,186,138,186,132,-3459477.3435209,6933745.46830151
Qasuitsup,40,Nov,2018,185,135,212,190,NA,NA
Sermersooq,100,Sep,2018,187,123,215,186,-2805676.89937148,7014478.42984152
Sermersooq,63,Feb,2018,186,160,184,170,-2805676.89937148,7014478.42984152
Northeast Greenland National Park,82,Dec,2018,213,132,319,300,-2138695.73790353,7863297.22718145
Northeast Greenland National Park,3,Jul,2018,194,91,229,181,-2138695.73790353,7863297.22718145
Sermersooq,84,Oct,2018,189,99,233,181,-2805676.89937148,7014478.42984152
Qasuitsup,71,Jun,2018,188,92,193,90,NA,NA
Sermersooq,98,Oct,2018,187,103,213,121,-2805676.89937148,7014478.42984152
Qeqqata,67,Jul,2018,187,148,196,110,-3459477.3435209,6933745.46830151
Sermersooq,61,Dec,2018,187,128,183,106,-2805676.89937148,7014478.42984152
Qeqqata,5,Jun,2018,189,73,183,79,-3459477.3435209,6933745.46830151
Northeast Greenland National Park,56,Jan,2018,196,102,227,148,-2138695.73790353,7863297.22718145
Kujalleq,62,Jun,2018,191,56,210,91,-3293421.11914013,6461102.68715351
Kujalleq,30,May,2018,190,120,194,138,-3293421.11914013,6461102.68715351
Qeqqata,21,Oct,2018,190,74,193,74,-3459477.3435209,6933745.46830151
Qeqqata,46,Dec,2018,190,138,189,132,-3459477.3435209,6933745.46830151
Kujalleq,26,Nov,2018,195,109,245,223,-3293421.11914013,6461102.68715351
Qeqqata,54,Sep,2018,191,133,198,142,-3459477.3435209,6933745.46830151
Sermersooq,55,Apr,2018,190,98,195,137,-2805676.89937148,7014478.42984152
Northeast Greenland National Park,39,Jul,2018,196,126,208,132,-2138695.73790353,7863297.22718145
Qeqqata,34,Jul,2018,193,142,193,103,-3459477.3435209,6933745.46830151
Kujalleq,20,Mar,2018,195,122,200,158,-3293421.11914013,6461102.68715351
Qasuitsup,71,Apr,2018,194,120,200,149,NA,NA
Qasuitsup,45,Nov,2018,194,168,181,156,NA,NA
Qasuitsup,71,Nov,2018,196,155,187,137,NA,NA
Qeqqata,85,Sep,2018,201,145,197,131,-3459477.3435209,6933745.46830151
Qeqqata,11,Oct,2018,197,174,202,161,-3459477.3435209,6933745.46830151
Qeqqata,67,Nov,2018,196,108,197,112,-3459477.3435209,6933745.46830151
Northeast Greenland National Park,88,Aug,2018,205,99,246,165,-2138695.73790353,7863297.22718145
Northeast Greenland National Park,39,May,2018,203,127,215,118,-2138695.73790353,7863297.22718145
Northeast Greenland National Park,39,Sep,2018,201,106,231,155,-2138695.73790353,7863297.22718145
Qeqqata,18,Dec,2018,198,160,215,171,-3459477.3435209,6933745.46830151
Kujalleq,48,Feb,2018,198,82,219,136,-3293421.11914013,6461102.68715351
Northeast Greenland National Park,41,Sep,2018,222,102,363,330,-2138695.73790353,7863297.22718145
Qeqqata,50,Oct,2018,200,144,197,112,-3459477.3435209,6933745.46830151
Northeast Greenland National Park,49,Oct,2018,200,113,246,192,-2138695.73790353,7863297.22718145
Kujalleq,48,Apr,2018,202,53,220,104,-3293421.11914013,6461102.68715351
Northeast Greenland National Park,87,Dec,2018,204,136,214,144,-2138695.73790353,7863297.22718145
Sermersooq,17,Jun,2018,201,145,216,122,-2805676.89937148,7014478.42984152
Northeast Greenland National Park,64,Dec,2018,230,138,345,313,-2138695.73790353,7863297.22718145
Qasuitsup,90,Oct,2018,206,163,197,135,NA,NA
Northeast Greenland National Park,99,Jul,2018,222,125,286,274,-2138695.73790353,7863297.22718145
Sermersooq,78,Jul,2018,205,183,219,216,-2805676.89937148,7014478.42984152
Kujalleq,81,Dec,2018,205,110,215,110,-3293421.11914013,6461102.68715351
Kujalleq,42,Feb,2018,205,136,214,163,-3293421.11914013,6461102.68715351
Sermersooq,17,Feb,2018,205,101,232,147,-2805676.89937148,7014478.42984152
Qasuitsup,9,May,2018,205,89,211,137,NA,NA
Kujalleq,92,Aug,2018,204,125,233,208,-3293421.11914013,6461102.68715351
Qasuitsup,44,Jul,2018,206,140,226,173,NA,NA
Sermersooq,57,Nov,2018,206,127,232,180,-2805676.89937148,7014478.42984152
Qasuitsup,44,Nov,2018,207,130,233,173,NA,NA
Qasuitsup,9,Sep,2018,207,145,228,209,NA,NA
Qeqqata,21,Jul,2018,210,178,209,129,-3459477.3435209,6933745.46830151
Qeqqata,54,Aug,2018,211,149,210,177,-3459477.3435209,6933745.46830151
Northeast Greenland National Park,68,Apr,2018,215,99,236,109,-2138695.73790353,7863297.22718145
Northeast Greenland National Park,87,Nov,2018,214,131,244,205,-2138695.73790353,7863297.22718145
Sermersooq,76,Oct,2018,212,134,261,244,-2805676.89937148,7014478.42984152
Qeqqata,19,Feb,2018,210,112,207,123,-3459477.3435209,6933745.46830151
Qeqqata,54,Apr,2018,210,82,202,118,-3459477.3435209,6933745.46830151
Qeqqata,12,Jul,2018,213,147,215,128,-3459477.3435209,6933745.46830151
Kujalleq,96,Aug,2018,212,122,211,142,-3293421.11914013,6461102.68715351
Kujalleq,58,Jul,2018,211,203,218,159,-3293421.11914013,6461102.68715351
Kujalleq,24,Nov,2018,215,145,242,216,-3293421.11914013,6461102.68715351
Sermersooq,17,Sep,2018,214,86,269,195,-2805676.89937148,7014478.42984152
Sermersooq,63,Jan,2018,212,139,209,118,-2805676.89937148,7014478.42984152
Sermersooq,53,Feb,2018,213,151,205,153,-2805676.89937148,7014478.42984152
Northeast Greenland National Park,64,Aug,2018,237,95,362,233,-2138695.73790353,7863297.22718145
Kujalleq,80,Jul,2018,222,154,243,179,-3293421.11914013,6461102.68715351
Northeast Greenland National Park,28,Sep,2018,223,105,278,242,-2138695.73790353,7863297.22718145
Kujalleq,62,Feb,2018,220,88,243,144,-3293421.11914013,6461102.68715351
Qeqqata,46,Sep,2018,220,170,227,182,-3459477.3435209,6933745.46830151
Sermersooq,53,Jan,2018,219,176,211,141,-2805676.89937148,7014478.42984152
Qeqqata,34,Apr,2018,219,71,211,104,-3459477.3435209,6933745.46830151
Qasuitsup,45,Oct,2018,222,183,213,151,NA,NA
Sermersooq,84,Sep,2018,221,94,267,211,-2805676.89937148,7014478.42984152
Northeast Greenland National Park,99,Apr,2018,232,147,267,185,-2138695.73790353,7863297.22718145
Sermersooq,78,Sep,2018,222,136,259,232,-2805676.89937148,7014478.42984152
Qeqqata,21,Aug,2018,222,153,222,181,-3459477.3435209,6933745.46830151
Qasuitsup,91,Dec,2018,221,210,213,131,NA,NA
Northeast Greenland National Park,64,Nov,2018,237,105,422,395,-2138695.73790353,7863297.22718145
Sermersooq,17,Jul,2018,223,163,242,180,-2805676.89937148,7014478.42984152
Qeqqata,7,Jan,2018,223,152,222,161,-3459477.3435209,6933745.46830151
Northeast Greenland National Park,65,Aug,2018,226,156,268,250,-2138695.73790353,7863297.22718145
Northeast Greenland National Park,3,Jun,2018,241,63,275,81,-2138695.73790353,7863297.22718145
Qasuitsup,44,May,2018,227,117,239,177,NA,NA
Kujalleq,92,Sep,2018,227,145,250,210,-3293421.11914013,6461102.68715351
Sermersooq,53,Apr,2018,227,135,216,166,-2805676.89937148,7014478.42984152
Qeqqata,7,Oct,2018,231,172,250,238,-3459477.3435209,6933745.46830151
Qeqqata,5,Oct,2018,229,120,212,96,-3459477.3435209,6933745.46830151
Qeqqata,7,Apr,2018,227,159,218,198,-3459477.3435209,6933745.46830151
Northeast Greenland National Park,56,Jun,2018,235,122,255,147,-2138695.73790353,7863297.22718145
Qasuitsup,71,Aug,2018,231,161,234,175,NA,NA
Qeqqata,93,Mar,2018,230,107,234,150,-3459477.3435209,6933745.46830151
Kujalleq,32,Oct,2018,230,185,234,171,-3293421.11914013,6461102.68715351
Sermersooq,33,Sep,2018,229,102,310,271,-2805676.89937148,7014478.42984152
Northeast Greenland National Park,83,Aug,2018,229,129,265,238,-2138695.73790353,7863297.22718145
Kujalleq,95,Aug,2018,230,168,230,198,-3293421.11914013,6461102.68715351
Qeqqata,93,Oct,2018,229,129,267,229,-3459477.3435209,6933745.46830151
Kujalleq,92,Dec,2018,235,194,232,169,-3293421.11914013,6461102.68715351
Kujalleq,95,Jul,2018,232,126,233,120,-3293421.11914013,6461102.68715351
Qasuitsup,9,Oct,2018,232,127,244,140,NA,NA
Sermersooq,79,Sep,2018,230,92,270,158,-2805676.89937148,7014478.42984152
Qeqqata,70,Sep,2018,236,132,282,219,-3459477.3435209,6933745.46830151
Qasuitsup,9,Aug,2018,233,151,267,255,NA,NA
Sermersooq,78,Apr,2018,232,117,246,205,-2805676.89937148,7014478.42984152
Qeqqata,34,Aug,2018,235,168,234,200,-3459477.3435209,6933745.46830151
Kujalleq,52,Dec,2018,239,210,236,183,-3293421.11914013,6461102.68715351
Qasuitsup,8,Oct,2018,237,128,276,208,NA,NA
Northeast Greenland National Park,68,Jul,2018,237,175,270,253,-2138695.73790353,7863297.22718145
Qasuitsup,91,Oct,2018,234,169,231,140,NA,NA
Sermersooq,100,Dec,2018,234,152,242,145,-2805676.89937148,7014478.42984152
Northeast Greenland National Park,83,Oct,2018,236,189,243,229,-2138695.73790353,7863297.22718145
Sermersooq,33,Jul,2018,239,177,274,249,-2805676.89937148,7014478.42984152
Kujalleq,92,Jul,2018,237,180,244,174,-3293421.11914013,6461102.68715351
Northeast Greenland National Park,73,Oct,2018,241,147,301,266,-2138695.73790353,7863297.22718145
Kujalleq,32,Aug,2018,237,193,241,179,-3293421.11914013,6461102.68715351
Sermersooq,15,Oct,2018,237,186,258,253,-2805676.89937148,7014478.42984152
Qeqqata,11,Dec,2018,237,218,231,152,-3459477.3435209,6933745.46830151
Kujalleq,27,Jun,2018,244,125,250,151,-3293421.11914013,6461102.68715351
Kujalleq,26,Oct,2018,243,111,316,236,-3293421.11914013,6461102.68715351
Sermersooq,61,Aug,2018,240,152,257,197,-2805676.89937148,7014478.42984152
Northeast Greenland National Park,82,Aug,2018,266,140,406,343,-2138695.73790353,7863297.22718145
Sermersooq,76,Dec,2018,243,218,263,241,-2805676.89937148,7014478.42984152
Qeqqata,11,Sep,2018,241,102,257,123,-3459477.3435209,6933745.46830151
Northeast Greenland National Park,43,May,2018,250,103,258,133,-2138695.73790353,7863297.22718145
Qeqqata,85,Oct,2018,246,198,227,158,-3459477.3435209,6933745.46830151
Sermersooq,63,Aug,2018,243,125,297,232,-2805676.89937148,7014478.42984152
Northeast Greenland National Park,1,Jun,2018,250,115,293,157,-2138695.73790353,7863297.22718145
Qeqqata,89,Aug,2018,246,134,298,265,-3459477.3435209,6933745.46830151
Sermersooq,79,Aug,2018,244,71,292,147,-2805676.89937148,7014478.42984152
Kujalleq,42,Oct,2018,244,155,265,196,-3293421.11914013,6461102.68715351
Qeqqata,93,Jun,2018,248,96,259,141,-3459477.3435209,6933745.46830151
Qasuitsup,97,Sep,2018,246,152,289,265,NA,NA
Sermersooq,57,Jul,2018,248,164,258,154,-2805676.89937148,7014478.42984152
Kujalleq,80,Mar,2018,255,73,279,94,-3293421.11914013,6461102.68715351
Northeast Greenland National Park,43,Apr,2018,260,159,292,192,-2138695.73790353,7863297.22718145
Northeast Greenland National Park,49,Nov,2018,254,139,299,255,-2138695.73790353,7863297.22718145
Kujalleq,20,Feb,2018,253,168,269,225,-3293421.11914013,6461102.68715351
Kujalleq,62,Sep,2018,253,142,305,295,-3293421.11914013,6461102.68715351
Sermersooq,53,Sep,2018,250,150,278,216,-2805676.89937148,7014478.42984152
Sermersooq,100,Aug,2018,255,104,317,261,-2805676.89937148,7014478.42984152
Qeqqata,21,Nov,2018,257,191,261,201,-3459477.3435209,6933745.46830151
Qasuitsup,69,Dec,2018,259,188,249,169,NA,NA
Kujalleq,4,Jul,2018,259,139,274,128,-3293421.11914013,6461102.68715351
Qeqqata,36,Oct,2018,258,163,277,241,-3459477.3435209,6933745.46830151
Kujalleq,23,Jul,2018,257,192,255,142,-3293421.11914013,6461102.68715351
Sermersooq,100,Jul,2018,257,219,277,205,-2805676.89937148,7014478.42984152
Kujalleq,20,Sep,2018,262,136,307,239,-3293421.11914013,6461102.68715351
Qeqqata,18,Jul,2018,260,183,263,159,-3459477.3435209,6933745.46830151
Kujalleq,32,Sep,2018,259,192,260,174,-3293421.11914013,6461102.68715351
Qeqqata,54,Dec,2018,259,200,258,190,-3459477.3435209,6933745.46830151
Northeast Greenland National Park,49,Jul,2018,265,204,283,215,-2138695.73790353,7863297.22718145
Kujalleq,75,Dec,2018,259,207,289,239,-3293421.11914013,6461102.68715351
Qasuitsup,45,Sep,2018,272,226,266,197,NA,NA
Qeqqata,89,Nov,2018,262,141,283,217,-3459477.3435209,6933745.46830151
Kujalleq,29,Sep,2018,261,165,289,240,-3293421.11914013,6461102.68715351
Qeqqata,13,Nov,2018,268,219,259,191,-3459477.3435209,6933745.46830151
Northeast Greenland National Park,65,Oct,2018,263,178,292,209,-2138695.73790353,7863297.22718145
Northeast Greenland National Park,87,Sep,2018,267,178,320,306,-2138695.73790353,7863297.22718145
Qeqqata,5,Jul,2018,266,220,261,216,-3459477.3435209,6933745.46830151
Kujalleq,81,Aug,2018,265,177,307,302,-3293421.11914013,6461102.68715351
Sermersooq,51,Dec,2018,263,187,256,149,-2805676.89937148,7014478.42984152
Northeast Greenland National Park,88,Nov,2018,269,162,324,288,-2138695.73790353,7863297.22718145
Qeqqata,5,Dec,2018,267,197,242,173,-3459477.3435209,6933745.46830151
Kujalleq,52,Oct,2018,265,173,287,218,-3293421.11914013,6461102.68715351
Kujalleq,96,Nov,2018,264,231,250,204,-3293421.11914013,6461102.68715351
Qeqqata,74,Oct,2018,268,144,264,112,-3459477.3435209,6933745.46830151
Qeqqata,70,Aug,2018,271,153,304,240,-3459477.3435209,6933745.46830151
Qasuitsup,9,Dec,2018,271,219,261,197,NA,NA
Sermersooq,60,Feb,2018,269,188,258,192,-2805676.89937148,7014478.42984152
Qeqqata,59,Sep,2018,272,150,330,270,-3459477.3435209,6933745.46830151
Sermersooq,78,Dec,2018,270,175,278,209,-2805676.89937148,7014478.42984152
Qeqqata,93,Sep,2018,273,165,330,298,-3459477.3435209,6933745.46830151
Northeast Greenland National Park,49,Jan,2018,277,172,310,221,-2138695.73790353,7863297.22718145
Sermersooq,55,Sep,2018,274,207,315,311,-2805676.89937148,7014478.42984152
Qeqqata,74,Nov,2018,278,218,270,191,-3459477.3435209,6933745.46830151
Sermersooq,60,Oct,2018,273,198,297,268,-2805676.89937148,7014478.42984152
Northeast Greenland National Park,73,Nov,2018,279,144,337,257,-2138695.73790353,7863297.22718145
Qeqqata,7,Aug,2018,273,146,305,250,-3459477.3435209,6933745.46830151
Qasuitsup,8,Apr,2018,281,121,279,148,NA,NA
Qeqqata,21,Sep,2018,277,227,286,243,-3459477.3435209,6933745.46830151
Northeast Greenland National Park,99,Aug,2018,305,176,466,430,-2138695.73790353,7863297.22718145
Northeast Greenland National Park,88,Jul,2018,283,193,314,267,-2138695.73790353,7863297.22718145
Sermersooq,98,Nov,2018,276,137,312,194,-2805676.89937148,7014478.42984152
Sermersooq,78,Jun,2018,279,92,315,163,-2805676.89937148,7014478.42984152
Kujalleq,32,Dec,2018,279,142,277,108,-3293421.11914013,6461102.68715351
Kujalleq,6,Jan,2018,289,204,317,272,-3293421.11914013,6461102.68715351
Qasuitsup,77,Feb,2018,281,237,281,233,NA,NA
Kujalleq,30,Aug,2018,280,168,320,280,-3293421.11914013,6461102.68715351
Qeqqata,13,Aug,2018,280,168,293,165,-3459477.3435209,6933745.46830151
Sermersooq,15,Sep,2018,279,180,309,260,-2805676.89937148,7014478.42984152
Kujalleq,23,Nov,2018,279,216,280,166,-3293421.11914013,6461102.68715351
Qeqqata,85,May,2018,283,160,270,208,-3459477.3435209,6933745.46830151
Kujalleq,48,Dec,2018,283,217,311,232,-3293421.11914013,6461102.68715351
Sermersooq,60,Sep,2018,282,182,313,262,-2805676.89937148,7014478.42984152
Sermersooq,100,Oct,2018,282,229,311,295,-2805676.89937148,7014478.42984152
Qeqqata,19,Sep,2018,286,207,296,221,-3459477.3435209,6933745.46830151
Kujalleq,48,Aug,2018,292,130,353,273,-3293421.11914013,6461102.68715351
Sermersooq,17,Dec,2018,288,205,312,266,-2805676.89937148,7014478.42984152
Sermersooq,38,Aug,2018,291,140,360,312,-2805676.89937148,7014478.42984152
Kujalleq,42,Jul,2018,289,252,299,244,-3293421.11914013,6461102.68715351
Kujalleq,75,Sep,2018,288,215,329,300,-3293421.11914013,6461102.68715351
Northeast Greenland National Park,99,Dec,2018,330,195,494,442,-2138695.73790353,7863297.22718145
Northeast Greenland National Park,35,Nov,2018,308,133,403,328,-2138695.73790353,7863297.22718145
Qeqqata,74,Dec,2018,296,225,306,195,-3459477.3435209,6933745.46830151
Qasuitsup,77,Oct,2018,291,283,284,208,NA,NA
Kujalleq,62,Jul,2018,298,258,325,263,-3293421.11914013,6461102.68715351
Kujalleq,6,Aug,2018,299,175,352,335,-3293421.11914013,6461102.68715351
Qeqqata,2,Dec,2018,296,232,296,219,-3459477.3435209,6933745.46830151
Qasuitsup,31,Oct,2018,296,208,285,173,NA,NA
Qeqqata,89,Sep,2018,296,176,347,290,-3459477.3435209,6933745.46830151
Sermersooq,78,Nov,2018,296,146,328,251,-2805676.89937148,7014478.42984152
Kujalleq,42,Dec,2018,301,258,298,226,-3293421.11914013,6461102.68715351
Qasuitsup,77,Jan,2018,298,80,293,64,NA,NA
Northeast Greenland National Park,99,Mar,2018,321,145,430,248,-2138695.73790353,7863297.22718145
Qeqqata,86,Oct,2018,298,205,342,275,-3459477.3435209,6933745.46830151
Qeqqata,13,Sep,2018,298,252,303,199,-3459477.3435209,6933745.46830151
Qeqqata,2,Jun,2018,300,110,304,116,-3459477.3435209,6933745.46830151
Qeqqata,74,Feb,2018,302,182,293,173,-3459477.3435209,6933745.46830151
Qeqqata,18,Nov,2018,301,212,326,296,-3459477.3435209,6933745.46830151
Sermersooq,57,Dec,2018,302,236,295,189,-2805676.89937148,7014478.42984152
Qasuitsup,90,Nov,2018,306,187,285,173,NA,NA
Kujalleq,20,Nov,2018,311,176,348,263,-3293421.11914013,6461102.68715351
Sermersooq,61,Nov,2018,307,204,306,243,-2805676.89937148,7014478.42984152
Qasuitsup,90,Dec,2018,307,292,284,199,NA,NA
Northeast Greenland National Park,56,Aug,2018,319,197,383,330,-2138695.73790353,7863297.22718145
Kujalleq,24,Oct,2018,312,193,368,318,-3293421.11914013,6461102.68715351
Sermersooq,66,Oct,2018,309,149,386,340,-2805676.89937148,7014478.42984152
Qasuitsup,91,Sep,2018,308,219,310,215,NA,NA
Kujalleq,24,Aug,2018,313,178,358,292,-3293421.11914013,6461102.68715351
Qeqqata,85,Aug,2018,312,205,334,233,-3459477.3435209,6933745.46830151
Qasuitsup,8,Dec,2018,323,207,337,251,NA,NA
Northeast Greenland National Park,49,Sep,2018,316,219,363,320,-2138695.73790353,7863297.22718145
Northeast Greenland National Park,14,Sep,2018,316,204,380,351,-2138695.73790353,7863297.22718145
Sermersooq,84,Jul,2018,315,186,343,244,-2805676.89937148,7014478.42984152
Northeast Greenland National Park,14,Dec,2018,319,207,335,219,-2138695.73790353,7863297.22718145
Qeqqata,11,Jul,2018,315,182,330,236,-3459477.3435209,6933745.46830151
Qasuitsup,69,Nov,2018,319,210,329,241,NA,NA
Sermersooq,84,Nov,2018,318,163,388,275,-2805676.89937148,7014478.42984152
Sermersooq,17,Oct,2018,316,151,394,345,-2805676.89937148,7014478.42984152
Kujalleq,81,Oct,2018,319,166,360,242,-3293421.11914013,6461102.68715351
Kujalleq,6,Sep,2018,323,174,394,391,-3293421.11914013,6461102.68715351
Kujalleq,42,Aug,2018,322,202,369,338,-3293421.11914013,6461102.68715351
Sermersooq,94,Aug,2018,323,207,368,346,-2805676.89937148,7014478.42984152
Northeast Greenland National Park,3,Sep,2018,332,153,413,353,-2138695.73790353,7863297.22718145
Sermersooq,61,Sep,2018,326,246,341,299,-2805676.89937148,7014478.42984152
Qeqqata,50,Nov,2018,332,291,322,255,-3459477.3435209,6933745.46830151
Sermersooq,61,Jul,2018,326,281,330,212,-2805676.89937148,7014478.42984152
Northeast Greenland National Park,49,Dec,2018,333,200,365,278,-2138695.73790353,7863297.22718145
Kujalleq,75,Aug,2018,327,185,371,252,-3293421.11914013,6461102.68715351
Kujalleq,92,Jun,2018,329,200,336,237,-3293421.11914013,6461102.68715351
Sermersooq,63,Dec,2018,328,266,320,234,-2805676.89937148,7014478.42984152
Qeqqata,7,Jul,2018,327,195,356,264,-3459477.3435209,6933745.46830151
Kujalleq,48,Sep,2018,333,191,401,399,-3293421.11914013,6461102.68715351
Kujalleq,92,Nov,2018,331,227,343,283,-3293421.11914013,6461102.68715351
Northeast Greenland National Park,39,Oct,2018,334,208,410,354,-2138695.73790353,7863297.22718145
Qasuitsup,71,Dec,2018,343,272,285,196,NA,NA
Qeqqata,19,Dec,2018,333,218,331,208,-3459477.3435209,6933745.46830151
Northeast Greenland National Park,1,Oct,2018,339,178,429,385,-2138695.73790353,7863297.22718145
Qeqqata,21,Jun,2018,343,203,344,266,-3459477.3435209,6933745.46830151
Northeast Greenland National Park,83,Dec,2018,333,258,328,239,-2138695.73790353,7863297.22718145
Sermersooq,63,Oct,2018,334,268,395,351,-2805676.89937148,7014478.42984152
Qeqqata,54,Oct,2018,337,265,342,264,-3459477.3435209,6933745.46830151
Kujalleq,62,Oct,2018,343,166,436,324,-3293421.11914013,6461102.68715351
Sermersooq,63,Sep,2018,340,214,429,345,-2805676.89937148,7014478.42984152
Qeqqata,7,Nov,2018,341,196,358,282,-3459477.3435209,6933745.46830151
Sermersooq,25,Apr,2018,346,196,349,251,-2805676.89937148,7014478.42984152
Sermersooq,51,Sep,2018,345,211,395,302,-2805676.89937148,7014478.42984152
Sermersooq,94,Sep,2018,347,211,385,306,-2805676.89937148,7014478.42984152
Sermersooq,25,Aug,2018,349,203,405,336,-2805676.89937148,7014478.42984152
Sermersooq,33,Dec,2018,350,271,401,358,-2805676.89937148,7014478.42984152
Sermersooq,15,Dec,2018,349,345,341,256,-2805676.89937148,7014478.42984152
Sermersooq,66,Aug,2018,354,153,451,303,-2805676.89937148,7014478.42984152
Kujalleq,29,Aug,2018,351,223,402,373,-3293421.11914013,6461102.68715351
Sermersooq,79,Apr,2018,350,98,371,173,-2805676.89937148,7014478.42984152
Northeast Greenland National Park,10,Jul,2018,383,189,492,412,-2138695.73790353,7863297.22718145
Kujalleq,80,Dec,2018,358,254,394,302,-3293421.11914013,6461102.68715351
Kujalleq,30,Nov,2018,355,193,368,241,-3293421.11914013,6461102.68715351
Qasuitsup,97,Nov,2018,355,289,399,384,NA,NA
Kujalleq,58,Dec,2018,353,322,343,236,-3293421.11914013,6461102.68715351
Qeqqata,19,Aug,2018,357,222,356,263,-3459477.3435209,6933745.46830151
Sermersooq,60,Aug,2018,356,226,405,378,-2805676.89937148,7014478.42984152
Northeast Greenland National Park,16,Jul,2018,369,213,437,426,-2138695.73790353,7863297.22718145
Kujalleq,29,Mar,2018,358,173,365,228,-3293421.11914013,6461102.68715351
Sermersooq,47,Jul,2018,360,231,364,242,-2805676.89937148,7014478.42984152
Kujalleq,27,Jul,2018,366,268,378,223,-3293421.11914013,6461102.68715351
Kujalleq,81,Nov,2018,364,184,425,320,-3293421.11914013,6461102.68715351
Qasuitsup,45,Dec,2018,367,245,339,166,NA,NA
Kujalleq,27,Oct,2018,376,225,444,371,-3293421.11914013,6461102.68715351
Qeqqata,89,Jul,2018,387,282,402,279,-3459477.3435209,6933745.46830151
Northeast Greenland National Park,16,Aug,2018,387,209,471,412,-2138695.73790353,7863297.22718145
Northeast Greenland National Park,1,Sep,2018,384,237,474,445,-2138695.73790353,7863297.22718145
Northeast Greenland National Park,65,Jul,2018,383,283,414,289,-2138695.73790353,7863297.22718145
Qeqqata,22,Oct,2018,390,213,421,294,-3459477.3435209,6933745.46830151
Kujalleq,80,Aug,2018,389,208,458,398,-3293421.11914013,6461102.68715351
Kujalleq,96,Oct,2018,387,353,385,314,-3293421.11914013,6461102.68715351
Northeast Greenland National Park,68,Dec,2018,389,233,443,359,-2138695.73790353,7863297.22718145
Northeast Greenland National Park,83,Sep,2018,386,220,419,296,-2138695.73790353,7863297.22718145
Northeast Greenland National Park,82,Sep,2018,433,175,705,562,-2138695.73790353,7863297.22718145
Qeqqata,36,Sep,2018,391,231,458,383,-3459477.3435209,6933745.46830151
Qeqqata,67,Sep,2018,389,301,393,277,-3459477.3435209,6933745.46830151
Sermersooq,47,Sep,2018,393,262,435,378,-2805676.89937148,7014478.42984152
Sermersooq,15,Nov,2018,396,203,403,243,-2805676.89937148,7014478.42984152
Northeast Greenland National Park,65,Nov,2018,401,233,427,282,-2138695.73790353,7863297.22718145
Sermersooq,76,Nov,2018,399,195,488,330,-2805676.89937148,7014478.42984152
Kujalleq,23,Sep,2018,396,338,398,285,-3293421.11914013,6461102.68715351
Qeqqata,34,Sep,2018,401,279,413,299,-3459477.3435209,6933745.46830151
Kujalleq,62,Nov,2018,403,211,497,453,-3293421.11914013,6461102.68715351
Northeast Greenland National Park,56,Dec,2018,425,299,484,438,-2138695.73790353,7863297.22718145
Qasuitsup,44,Dec,2018,416,299,432,318,NA,NA
Kujalleq,95,Apr,2018,415,304,402,273,-3293421.11914013,6461102.68715351
Qasuitsup,97,Jul,2018,418,263,461,326,NA,NA
Sermersooq,25,Oct,2018,419,295,475,345,-2805676.89937148,7014478.42984152
Northeast Greenland National Park,3,Aug,2018,434,217,528,429,-2138695.73790353,7863297.22718145
Northeast Greenland National Park,37,Sep,2018,432,248,532,467,-2138695.73790353,7863297.22718145
Northeast Greenland National Park,88,Sep,2018,441,275,548,451,-2138695.73790353,7863297.22718145
Qeqqata,85,Nov,2018,449,299,426,300,-3459477.3435209,6933745.46830151
Qasuitsup,90,Aug,2018,470,307,472,392,NA,NA
Kujalleq,96,Dec,2018,451,381,427,265,-3293421.11914013,6461102.68715351
Northeast Greenland National Park,56,Oct,2018,458,295,572,532,-2138695.73790353,7863297.22718145
Northeast Greenland National Park,56,Nov,2018,465,262,560,468,-2138695.73790353,7863297.22718145
Kujalleq,72,Jul,2018,458,404,438,255,-3293421.11914013,6461102.68715351
Qeqqata,46,Jan,2018,470,262,466,282,-3459477.3435209,6933745.46830151
Qeqqata,2,Oct,2018,460,359,463,351,-3459477.3435209,6933745.46830151
Qeqqata,86,Aug,2018,465,320,498,411,-3459477.3435209,6933745.46830151
Kujalleq,30,Dec,2018,480,332,476,290,-3293421.11914013,6461102.68715351
Qeqqata,85,Jul,2018,478,326,471,320,-3459477.3435209,6933745.46830151
Northeast Greenland National Park,83,Nov,2018,501,302,524,418,-2138695.73790353,7863297.22718145
Northeast Greenland National Park,87,Aug,2018,522,159,674,621,-2138695.73790353,7863297.22718145
Kujalleq,95,Nov,2018,502,378,476,333,-3293421.11914013,6461102.68715351
Kujalleq,6,Oct,2018,526,259,684,554,-3293421.11914013,6461102.68715351
Northeast Greenland National Park,65,Sep,2018,527,392,607,533,-2138695.73790353,7863297.22718145
Northeast Greenland National Park,73,Jul,2018,543,355,602,492,-2138695.73790353,7863297.22718145
Qeqqata,2,Aug,2018,538,451,583,509,-3459477.3435209,6933745.46830151
Sermersooq,25,Dec,2018,552,374,538,300,-2805676.89937148,7014478.42984152
Northeast Greenland National Park,87,Jul,2018,566,420,596,463,-2138695.73790353,7863297.22718145
Qeqqata,74,Sep,2018,558,552,566,435,-3459477.3435209,6933745.46830151
Sermersooq,53,Jul,2018,564,365,571,382,-2805676.89937148,7014478.42984152
Qeqqata,85,Dec,2018,587,477,532,417,-3459477.3435209,6933745.46830151
Kujalleq,58,Aug,2018,588,339,640,461,-3293421.11914013,6461102.68715351
Qeqqata,5,Sep,2018,608,514,598,466,-3459477.3435209,6933745.46830151
Sermersooq,53,Nov,2018,619,415,629,499,-2805676.89937148,7014478.42984152
Sermersooq,57,Sep,2018,632,388,724,556,-2805676.89937148,7014478.42984152
Northeast Greenland National Park,37,Oct,2018,656,337,831,729,-2138695.73790353,7863297.22718145
Sermersooq,47,Nov,2018,661,475,672,570,-2805676.89937148,7014478.42984152
Kujalleq,30,Sep,2018,702,441,776,641,-3293421.11914013,6461102.68715351
Qeqqata,7,May,2018,10,8,11,10,-3459477.3435209,6933745.46830151
Sermersooq,98,Sep,2018,270,183,310,262,-2805676.89937148,7014478.42984152
Kujalleq,48,Jul,2018,61,38,67,39,-3293421.11914013,6461102.68715351
